phase,model_name,display_name,params,folds_used,mean_log_loss,mean_brier,mean_accuracy,mean_auc,std_log_loss,std_brier,std_accuracy,std_auc
train_to_validation,glm_ridge,GLM Ridge,c=0.0625; l1_ratio=None; lambda=16; model_name=glm_ridge; penalty_family=ridge,5,0.629255188371687,0.22053984231114532,0.6105263157894736,0.7035425685425685,0.07884973034173946,0.035339198104791435,0.11815760168759815,0.13110801416410808
train_to_validation,glm_ridge,GLM Ridge,c=0.03125; l1_ratio=None; lambda=32; model_name=glm_ridge; penalty_family=ridge,5,0.6295191979876513,0.22019608669155719,0.6105263157894737,0.7126334776334776,0.04883839005666941,0.022860631886806163,0.0917662935482247,0.11953182476832637
train_to_validation,glm_ridge,GLM Ridge,c=0.125; l1_ratio=None; lambda=8; model_name=glm_ridge; penalty_family=ridge,5,0.6375078422694589,0.2238855716699351,0.6105263157894736,0.7059884559884558,0.11218300220392517,0.047774538525733226,0.12275688199674316,0.13541109702545456
train_to_validation,glm_ridge,GLM Ridge,c=0.25; l1_ratio=None; lambda=4; model_name=glm_ridge; penalty_family=ridge,5,0.6519664253226387,0.22885573236868567,0.6,0.707994227994228,0.14426298753431063,0.0585904173490593,0.09761703679469162,0.13172096570664016
train_to_validation,glm_ridge,GLM Ridge,c=0.5; l1_ratio=None; lambda=2; model_name=glm_ridge; penalty_family=ridge,5,0.6685640814823268,0.23410114747149052,0.5894736842105264,0.6941414141414141,0.17170922984615516,0.06706201545601072,0.09055079228465922,0.13646969313803442
train_to_validation,glm_ridge,GLM Ridge,c=1; l1_ratio=None; lambda=1; model_name=glm_ridge; penalty_family=ridge,5,0.6839037278392694,0.23879022749027357,0.5789473684210525,0.6916017316017316,0.19302328495666385,0.07316215865494809,0.12892051277806202,0.14223927778114057
train_to_validation,glm_ridge,GLM Ridge,c=2; l1_ratio=None; lambda=0.5; model_name=glm_ridge; penalty_family=ridge,5,0.6956559574657541,0.24236982138496127,0.5684210526315789,0.6869480519480519,0.2078108061674087,0.07715627501317632,0.13885164166603073,0.13981121835191518
train_to_validation,glm_ridge,GLM Ridge,c=4; l1_ratio=None; lambda=0.25; model_name=glm_ridge; penalty_family=ridge,5,0.7037948973714494,0.2448802927239329,0.5789473684210525,0.6846753246753247,0.21746047770071206,0.07969165941757524,0.14509525002200235,0.1412541177222986
train_to_validation,glm_ridge,GLM Ridge,c=8; l1_ratio=None; lambda=0.125; model_name=glm_ridge; penalty_family=ridge,5,0.7090694105377928,0.24655152120887838,0.5684210526315789,0.6891702741702742,0.2232649493106583,0.08115982613673442,0.14661461344404336,0.1413013700598681
train_to_validation,glm_ridge,GLM Ridge,c=16; l1_ratio=None; lambda=0.0625; model_name=glm_ridge; penalty_family=ridge,5,0.7125931706896059,0.24772595850368165,0.5684210526315789,0.6915512265512266,0.22680811252990332,0.08204999948004041,0.14661461344404336,0.13918113665433662
train_to_validation,glm_elastic_net,Elastic Net GLM,c=0.0625; l1_ratio=0.05; lambda=16; model_name=glm_elastic_net; penalty_family=elastic_net,5,0.6303858222424824,0.22101394506563574,0.6105263157894736,0.7035425685425685,0.06944238390488935,0.031478013482162996,0.11815760168759815,0.12445332902717841
train_to_validation,glm_elastic_net,Elastic Net GLM,c=0.0625; l1_ratio=0.15; lambda=16; model_name=glm_elastic_net; penalty_family=elastic_net,5,0.6327298864124304,0.22191512180058423,0.6105263157894737,0.7104689754689755,0.05404393096143786,0.024963518681838135,0.0917662935482247,0.12621350600911604
train_to_validation,glm_elastic_net,Elastic Net GLM,c=0.125; l1_ratio=0.15; lambda=8; model_name=glm_elastic_net; penalty_family=elastic_net,5,0.6336129745506568,0.22251199456416232,0.6210526315789473,0.7080952380952381,0.09207243418637177,0.040178308842034695,0.11721609184905309,0.1317624296545898
train_to_validation,glm_elastic_net,Elastic Net GLM,c=0.125; l1_ratio=0.3; lambda=8; model_name=glm_elastic_net; penalty_family=elastic_net,5,0.6338703051057221,0.2228031592390058,0.6210526315789473,0.7057647907647908,0.07536327507292713,0.033603563792812166,0.11239029738980325,0.13226547684380507
train_to_validation,glm_elastic_net,Elastic Net GLM,c=0.03125; l1_ratio=0.05; lambda=32; model_name=glm_elastic_net; penalty_family=elastic_net,5,0.6346124895786935,0.22235282697954029,0.6105263157894737,0.7127922077922078,0.03845522083291775,0.018185046019896373,0.06315789473684208,0.11787149050643142
train_to_validation,glm_elastic_net,Elastic Net GLM,c=0.125; l1_ratio=0.05; lambda=8; model_name=glm_elastic_net; penalty_family=elastic_net,5,0.6358554509792984,0.2233048397564248,0.6210526315789473,0.7059884559884558,0.10569523197203047,0.04541754041695077,0.11721609184905309,0.13541109702545456
train_to_validation,glm_elastic_net,Elastic Net GLM,c=0.125; l1_ratio=0.5; lambda=8; model_name=glm_elastic_net; penalty_family=elastic_net,5,0.6359082368235838,0.22348224029765018,0.6105263157894736,0.6987806637806638,0.06212632785995142,0.028508782455919358,0.11815760168759815,0.1238281914435948
train_to_validation,glm_elastic_net,Elastic Net GLM,c=0.25; l1_ratio=0.85; lambda=4; model_name=glm_elastic_net; penalty_family=elastic_net,5,0.6364801651269214,0.2239812185725226,0.6105263157894736,0.7032756132756133,0.08549038939655351,0.037581229325385865,0.11815760168759815,0.12299598337810114
train_to_validation,glm_elastic_net,Elastic Net GLM,c=0.25; l1_ratio=0.95; lambda=4; model_name=glm_elastic_net; penalty_family=elastic_net,5,0.6371455514492796,0.22423088888687195,0.6105263157894736,0.7032756132756133,0.08119052412027461,0.03600423950250603,0.11815760168759815,0.12299598337810114
train_to_validation,glm_elastic_net,Elastic Net GLM,c=0.25; l1_ratio=0.7; lambda=4; model_name=glm_elastic_net; penalty_family=elastic_net,5,0.6378112127466482,0.2245880739625307,0.6105263157894736,0.7057647907647908,0.09205097150023037,0.03987318084544471,0.11815760168759815,0.13226547684380507
train_to_validation,glm_elastic_net,Elastic Net GLM,c=0.25; l1_ratio=0.5; lambda=4; model_name=glm_elastic_net; penalty_family=elastic_net,5,0.6396614581842793,0.2252926113506942,0.631578947368421,0.6967821067821067,0.10318028537618015,0.04390396478809012,0.11040093138633172,0.13699201363478178
train_to_validation,glm_elastic_net,Elastic Net GLM,c=0.25; l1_ratio=0.3; lambda=4; model_name=glm_elastic_net; penalty_family=elastic_net,5,0.6411627814442132,0.22541715941238852,0.6210526315789473,0.7037662337662338,0.1194136110571634,0.05007957686864036,0.11721609184905309,0.1341089174480871
train_to_validation,glm_elastic_net,Elastic Net GLM,c=0.0625; l1_ratio=0.3; lambda=16; model_name=glm_elastic_net; penalty_family=elastic_net,5,0.6425316277991093,0.226018211209343,0.5894736842105263,0.6987806637806637,0.04088478918018676,0.01937239838426234,0.07735230766683719,0.11855815772970613
train_to_validation,glm_elastic_net,Elastic Net GLM,c=0.125; l1_ratio=0.7; lambda=8; model_name=glm_elastic_net; penalty_family=elastic_net,5,0.6437051828688635,0.2268478981090311,0.6105263157894736,0.6940764790764791,0.0507878028535676,0.023872443968227203,0.11815760168759815,0.11391116455927949
train_to_validation,glm_elastic_net,Elastic Net GLM,c=0.25; l1_ratio=0.15; lambda=4; model_name=glm_elastic_net; penalty_family=elastic_net,5,0.6458825752905079,0.22691379323396493,0.6105263157894736,0.7058297258297258,0.1320798108896646,0.05467063310431636,0.11815760168759815,0.13263344760855714
train_to_validation,glm_elastic_net,Elastic Net GLM,c=0.5; l1_ratio=0.95; lambda=2; model_name=glm_elastic_net; penalty_family=elastic_net,5,0.6470574427367504,0.22793996829012292,0.631578947368421,0.6923953823953823,0.12585952420826757,0.051816832999667065,0.11040093138633172,0.137513584658439
train_to_validation,glm_elastic_net,Elastic Net GLM,c=0.5; l1_ratio=0.85; lambda=2; model_name=glm_elastic_net; penalty_family=elastic_net,5,0.6476691017212117,0.22800292621423557,0.6210526315789473,0.6946681096681097,0.13072042041959503,0.05365005412101888,0.11721609184905309,0.13609187591573113
train_to_validation,glm_elastic_net,Elastic Net GLM,c=0.03125; l1_ratio=0.15; lambda=32; model_name=glm_elastic_net; penalty_family=elastic_net,5,0.6486043204354208,0.22852002624685216,0.5894736842105263,0.716962481962482,0.02920202372826111,0.01409837952048782,0.07735230766683719,0.10738441245515311
train_to_validation,glm_elastic_net,Elastic Net GLM,c=0.5; l1_ratio=0.7; lambda=2; model_name=glm_elastic_net; penalty_family=elastic_net,5,0.6493715134154062,0.22837372573760173,0.6210526315789473,0.699004329004329,0.13752316413594043,0.05612438043451188,0.11721609184905309,0.13192342204593077
train_to_validation,glm_elastic_net,Elastic Net GLM,c=0.25; l1_ratio=0.05; lambda=4; model_name=glm_elastic_net; penalty_family=elastic_net,5,0.6495974630331679,0.22811489482942743,0.6,0.7057215007215006,0.14029764072268505,0.05738169920356849,0.09761703679469162,0.1330288222981604
train_to_validation,glm_elastic_net,Elastic Net GLM,c=0.125; l1_ratio=0.85; lambda=8; model_name=glm_elastic_net; penalty_family=elastic_net,5,0.6502479084072347,0.22971261065450083,0.6105263157894736,0.6735569985569986,0.04352703819741967,0.020670892236627186,0.07877173445839876,0.11555146595799519
train_to_validation,glm_elastic_net,Elastic Net GLM,c=0.5; l1_ratio=0.5; lambda=2; model_name=glm_elastic_net; penalty_family=elastic_net,5,0.6530345458177906,0.22933231799051054,0.6210526315789473,0.6967316017316018,0.1476555637314241,0.059663982162845096,0.12631578947368421,0.1334634281275271
train_to_validation,glm_elastic_net,Elastic Net GLM,c=0.125; l1_ratio=0.95; lambda=8; model_name=glm_elastic_net; penalty_family=elastic_net,5,0.6547235284971813,0.23171093905324397,0.6105263157894737,0.6641486291486292,0.04155175029511347,0.019785456865229364,0.09761703679469162,0.13030141310865334
train_to_validation,glm_elastic_net,Elastic Net GLM,c=0.5; l1_ratio=0.3; lambda=2; model_name=glm_elastic_net; penalty_family=elastic_net,5,0.6582593626899595,0.23096987346255263,0.6,0.6943001443001443,0.15700688616140634,0.06278479707892862,0.10837505411565265,0.1325642179701689
train_to_validation,glm_elastic_net,Elastic Net GLM,c=0.0625; l1_ratio=0.5; lambda=16; model_name=glm_elastic_net; penalty_family=elastic_net,5,0.660302931554589,0.23410895582713148,0.6,0.6615584415584415,0.034790777238915084,0.016811198017655803,0.12275688199674316,0.14183053664951967
train_to_validation,glm_elastic_net,Elastic Net GLM,c=0.5; l1_ratio=0.15; lambda=2; model_name=glm_elastic_net; penalty_family=elastic_net,5,0.6625537385922918,0.23230468256515283,0.6,0.6920274170274171,0.16428416314184546,0.0650311965208454,0.09761703679469162,0.13459400160937682
train_to_validation,glm_elastic_net,Elastic Net GLM,c=1; l1_ratio=0.95; lambda=1; model_name=glm_elastic_net; penalty_family=elastic_net,5,0.6636249923136319,0.2326390118253195,0.6210526315789473,0.6944083694083695,0.1667107725331991,0.06561032913588717,0.12631578947368421,0.1385926827749367
train_to_validation,glm_elastic_net,Elastic Net GLM,c=1; l1_ratio=0.85; lambda=1; model_name=glm_elastic_net; penalty_family=elastic_net,5,0.6652331460314858,0.2331090062935679,0.5894736842105264,0.6942496392496393,0.16925674992672307,0.06640738075437227,0.09055079228465922,0.13607502000768082
train_to_validation,glm_elastic_net,Elastic Net GLM,c=0.5; l1_ratio=0.05; lambda=2; model_name=glm_elastic_net; penalty_family=elastic_net,5,0.6664531917751053,0.2334740226913013,0.5894736842105264,0.6941414141414141,0.1692745591247186,0.06641417822600894,0.09055079228465922,0.13646969313803442
train_to_validation,glm_elastic_net,Elastic Net GLM,c=1; l1_ratio=0.7; lambda=1; model_name=glm_elastic_net; penalty_family=elastic_net,5,0.6679678126773012,0.23391449045479984,0.6,0.6965223665223665,0.17300588191551383,0.0675358768514076,0.09761703679469162,0.13402998424534432
train_to_validation,glm_elastic_net,Elastic Net GLM,c=0.03125; l1_ratio=0.3; lambda=32; model_name=glm_elastic_net; penalty_family=elastic_net,5,0.671785150409667,0.23948305978962225,0.5684210526315789,0.6586940836940837,0.03226173607624527,0.015926998782219155,0.13062814364200903,0.14845657123779515
train_to_validation,glm_elastic_net,Elastic Net GLM,c=1; l1_ratio=0.5; lambda=1; model_name=glm_elastic_net; penalty_family=elastic_net,5,0.6719508361390889,0.23524646391492937,0.6,0.6919191919191919,0.17826230075363436,0.06917204159669967,0.09761703679469162,0.1285964984797741
train_to_validation,glm_elastic_net,Elastic Net GLM,c=0.0625; l1_ratio=0.7; lambda=16; model_name=glm_elastic_net; penalty_family=elastic_net,5,0.6724003151193158,0.23980695570205984,0.6105263157894737,0.6562049062049062,0.037782244116959234,0.018596261323915186,0.14736842105263157,0.14244884771325597
train_to_validation,glm_elastic_net,Elastic Net GLM,c=1; l1_ratio=0.3; lambda=1; model_name=glm_elastic_net; penalty_family=elastic_net,5,0.676406640830752,0.23663229973476968,0.6105263157894737,0.6895382395382395,0.18419626686246482,0.07086617580591156,0.11337189067651589,0.13105372947985053
train_to_validation,glm_elastic_net,Elastic Net GLM,c=0.0625; l1_ratio=0.85; lambda=16; model_name=glm_elastic_net; penalty_family=elastic_net,5,0.6795986548186621,0.2433005707027232,0.5578947368421053,0.6180519480519481,0.029943841616271918,0.014822486929292939,0.10313641022244961,0.15504789063752883
train_to_validation,glm_elastic_net,Elastic Net GLM,c=1; l1_ratio=0.15; lambda=1; model_name=glm_elastic_net; penalty_family=elastic_net,5,0.6801139995083318,0.23771824445331421,0.5894736842105263,0.6916017316017316,0.18859955395895767,0.07202415455454006,0.13480261552490208,0.13633789353659254
train_to_validation,glm_elastic_net,Elastic Net GLM,c=0.0625; l1_ratio=0.95; lambda=16; model_name=glm_elastic_net; penalty_family=elastic_net,5,0.6825050194525939,0.24472508064949322,0.5578947368421053,0.6436507936507937,0.02262746328231047,0.011231637552505017,0.09761703679469162,0.1411548259998215
train_to_validation,glm_elastic_net,Elastic Net GLM,c=2; l1_ratio=0.95; lambda=0.5; model_name=glm_elastic_net; penalty_family=elastic_net,5,0.6825897163786652,0.2386063000344222,0.6,0.6960966810966811,0.19225074770122233,0.07316821189788303,0.12275688199674319,0.13615838175688894
train_to_validation,glm_elastic_net,Elastic Net GLM,c=1; l1_ratio=0.05; lambda=1; model_name=glm_elastic_net; penalty_family=elastic_net,5,0.6826439179093462,0.2384397075335248,0.5789473684210525,0.6892207792207792,0.19151885737584567,0.07277363774103555,0.12892051277806202,0.13850252739440677
train_to_validation,glm_elastic_net,Elastic Net GLM,c=2; l1_ratio=0.85; lambda=0.5; model_name=glm_elastic_net; penalty_family=elastic_net,5,0.6838096276258174,0.23899267035969274,0.5894736842105263,0.6937157287157287,0.19397746964383625,0.07365153826178754,0.13480261552490208,0.13840317310200076
train_to_validation,glm_elastic_net,Elastic Net GLM,c=2; l1_ratio=0.7; lambda=0.5; model_name=glm_elastic_net; penalty_family=elastic_net,5,0.6857451211918157,0.239585711628921,0.5894736842105263,0.6914430014430014,0.19651607131603643,0.07434807294226937,0.13480261552490208,0.14033907251157907
train_to_validation,glm_elastic_net,Elastic Net GLM,c=2; l1_ratio=0.5; lambda=0.5; model_name=glm_elastic_net; penalty_family=elastic_net,5,0.6885909278613852,0.24043636442031557,0.6,0.6914430014430014,0.20001327902540833,0.07528447089090765,0.14355980733669324,0.14033907251157907
train_to_validation,glm_elastic_net,Elastic Net GLM,c=0.03125; l1_ratio=0.5; lambda=32; model_name=glm_elastic_net; penalty_family=elastic_net,5,0.6890012144439089,0.24793605422434223,0.5473684210526316,0.6056565656565656,0.0214519333724521,0.010668338864062306,0.0917662935482247,0.14476994123122885
train_to_validation,glm_elastic_net,Elastic Net GLM,c=2; l1_ratio=0.3; lambda=0.5; model_name=glm_elastic_net; penalty_family=elastic_net,5,0.6913764204621031,0.24122282788106011,0.5894736842105263,0.6914430014430014,0.20323243843604408,0.07608957895274872,0.15398672461397678,0.14033907251157907
train_to_validation,glm_elastic_net,Elastic Net GLM,c=0.03125; l1_ratio=0.7; lambda=32; model_name=glm_elastic_net; penalty_family=elastic_net,5,0.6918414693159891,0.2493459480105101,0.5368421052631579,0.5,0.01309867399294192,0.006536230514378028,0.09055079228465925,0.0
train_to_validation,glm_elastic_net,Elastic Net GLM,c=2; l1_ratio=0.15; lambda=0.5; model_name=glm_elastic_net; penalty_family=elastic_net,5,0.6934995531862453,0.24180338572667784,0.5789473684210525,0.6869480519480519,0.2055741292028076,0.07665248552236043,0.14509525002200235,0.13981121835191518
train_to_validation,glm_elastic_net,Elastic Net GLM,c=0.03125; l1_ratio=0.95; lambda=32; model_name=glm_elastic_net; penalty_family=elastic_net,5,0.6936462136305351,0.2502407393382831,0.5368421052631579,0.5,0.01579169689376543,0.007872831839937004,0.09055079228465925,0.0
train_to_validation,glm_elastic_net,Elastic Net GLM,c=0.03125; l1_ratio=0.85; lambda=32; model_name=glm_elastic_net; penalty_family=elastic_net,5,0.6938761292054766,0.25035278690956264,0.5368421052631579,0.5,0.017871733952838732,0.008901772068669097,0.09055079228465925,0.0
train_to_validation,glm_elastic_net,Elastic Net GLM,c=2; l1_ratio=0.05; lambda=0.5; model_name=glm_elastic_net; penalty_family=elastic_net,5,0.6949683511539195,0.2421972930910654,0.5684210526315789,0.6869480519480519,0.20712050211157187,0.07701331575318432,0.13885164166603073,0.13981121835191518
train_to_validation,glm_elastic_net,Elastic Net GLM,c=4; l1_ratio=0.95; lambda=0.25; model_name=glm_elastic_net; penalty_family=elastic_net,5,0.6964344654382282,0.24293854195413145,0.5894736842105263,0.6916017316017316,0.20999055831784674,0.0780314994360052,0.130628143642009,0.13633789353659254
train_to_validation,glm_elastic_net,Elastic Net GLM,c=4; l1_ratio=0.85; lambda=0.25; model_name=glm_elastic_net; penalty_family=elastic_net,5,0.6971895236177642,0.2431469439222674,0.5894736842105263,0.6916017316017316,0.21080152592557955,0.07822191549660748,0.130628143642009,0.13633789353659254
train_to_validation,glm_elastic_net,Elastic Net GLM,c=4; l1_ratio=0.7; lambda=0.25; model_name=glm_elastic_net; penalty_family=elastic_net,5,0.69832626686414,0.24345474594829136,0.5789473684210527,0.6869480519480519,0.21200539455393372,0.07850376726879935,0.14122534594735514,0.13981121835191518
train_to_validation,glm_elastic_net,Elastic Net GLM,c=4; l1_ratio=0.5; lambda=0.25; model_name=glm_elastic_net; penalty_family=elastic_net,5,0.6998274944487459,0.2438582376116829,0.5684210526315789,0.6846753246753247,0.21361200864598123,0.07887531089692383,0.130628143642009,0.1412541177222986
train_to_validation,glm_elastic_net,Elastic Net GLM,c=4; l1_ratio=0.3; lambda=0.25; model_name=glm_elastic_net; penalty_family=elastic_net,5,0.7013376458906808,0.24425989018312327,0.5789473684210525,0.6846753246753247,0.21520018890022036,0.0792366883610739,0.14509525002200235,0.1412541177222986
train_to_validation,glm_elastic_net,Elastic Net GLM,c=4; l1_ratio=0.15; lambda=0.25; model_name=glm_elastic_net; penalty_family=elastic_net,5,0.7026394138844455,0.2446047902159408,0.5789473684210525,0.6846753246753247,0.21641476638747842,0.07950070172713225,0.14509525002200235,0.1412541177222986
train_to_validation,glm_elastic_net,Elastic Net GLM,c=4; l1_ratio=0.05; lambda=0.25; model_name=glm_elastic_net; penalty_family=elastic_net,5,0.7034139323500208,0.24479186644925305,0.5789473684210525,0.6846753246753247,0.2170745496018116,0.0796152685566495,0.14509525002200235,0.1412541177222986
train_to_validation,glm_elastic_net,Elastic Net GLM,c=8; l1_ratio=0.95; lambda=0.125; model_name=glm_elastic_net; penalty_family=elastic_net,5,0.7048576908850515,0.24545846996085144,0.5684210526315789,0.693932178932179,0.2197432660913526,0.08049622533693296,0.1218509147662129,0.13719348342364282
train_to_validation,glm_elastic_net,Elastic Net GLM,c=8; l1_ratio=0.85; lambda=0.125; model_name=glm_elastic_net; penalty_family=elastic_net,5,0.7052454813243838,0.24555723271486024,0.5684210526315789,0.693932178932179,0.22011904774058486,0.08057768396731106,0.1218509147662129,0.13719348342364282
train_to_validation,glm_elastic_net,Elastic Net GLM,c=8; l1_ratio=0.7; lambda=0.125; model_name=glm_elastic_net; penalty_family=elastic_net,5,0.7061000941290901,0.24579346166506072,0.5578947368421052,0.693932178932179,0.22078768740344265,0.0807268124934042,0.13147364207154522,0.13719348342364282
train_to_validation,glm_elastic_net,Elastic Net GLM,c=8; l1_ratio=0.5; lambda=0.125; model_name=glm_elastic_net; penalty_family=elastic_net,5,0.7070298508624452,0.24604044515994716,0.5578947368421052,0.693932178932179,0.22155568165774497,0.0808745881465211,0.13147364207154522,0.13719348342364282
train_to_validation,glm_elastic_net,Elastic Net GLM,c=8; l1_ratio=0.3; lambda=0.125; model_name=glm_elastic_net; penalty_family=elastic_net,5,0.7077690507011354,0.24621906666846677,0.5578947368421052,0.6915512265512266,0.22218196669638482,0.080965069026064,0.13147364207154522,0.13918113665433662
train_to_validation,glm_elastic_net,Elastic Net GLM,c=8; l1_ratio=0.15; lambda=0.125; model_name=glm_elastic_net; penalty_family=elastic_net,5,0.7083355401286748,0.24635297365365383,0.5684210526315789,0.6891702741702742,0.2226548501525517,0.08103847607019356,0.14661461344404336,0.1413013700598681
train_to_validation,glm_elastic_net,Elastic Net GLM,c=8; l1_ratio=0.05; lambda=0.125; model_name=glm_elastic_net; penalty_family=elastic_net,5,0.7087579215992312,0.24646224742401768,0.5684210526315789,0.6891702741702742,0.22298895463234011,0.08110232366127322,0.14661461344404336,0.1413013700598681
train_to_validation,glm_lasso,Lasso GLM,c=0.25; l1_ratio=None; lambda=4; model_name=glm_lasso; penalty_family=lasso,5,0.6375548337637406,0.22441788321862638,0.6105263157894736,0.7055483405483406,0.0789046450339367,0.03519308537312431,0.11815760168759815,0.12141343397436326
train_to_validation,glm_lasso,Lasso GLM,c=0.5; l1_ratio=None; lambda=2; model_name=glm_lasso; penalty_family=lasso,5,0.646761207637473,0.22790280705102345,0.631578947368421,0.6946681096681097,0.12356282154597475,0.050958283866146904,0.11040093138633172,0.13571180090595952
train_to_validation,glm_lasso,Lasso GLM,c=0.125; l1_ratio=None; lambda=8; model_name=glm_lasso; penalty_family=lasso,5,0.657372897067832,0.23291594056601447,0.6210526315789473,0.6502958152958153,0.041789704707479974,0.01993870564157719,0.09055079228465923,0.14587362610333204
train_to_validation,glm_lasso,Lasso GLM,c=1; l1_ratio=None; lambda=1; model_name=glm_lasso; penalty_family=lasso,5,0.6628851301212709,0.23242445508502146,0.6210526315789473,0.6921861471861472,0.16536484666780504,0.06517878228043629,0.12631578947368421,0.13732135340619808
train_to_validation,glm_lasso,Lasso GLM,c=2; l1_ratio=None; lambda=0.5; model_name=glm_lasso; penalty_family=lasso,5,0.6819651628956518,0.2384050472255137,0.6105263157894737,0.6984776334776335,0.19140750685809405,0.07292838777704595,0.11337189067651589,0.13404522742168004
train_to_validation,glm_lasso,Lasso GLM,c=0.0625; l1_ratio=None; lambda=16; model_name=glm_lasso; penalty_family=lasso,5,0.6872575368684896,0.24707579478464678,0.5578947368421053,0.6078787878787878,0.024069562002199327,0.01195497982870017,0.09761703679469162,0.14712004181415125
train_to_validation,glm_lasso,Lasso GLM,c=0.03125; l1_ratio=None; lambda=32; model_name=glm_lasso; penalty_family=lasso,5,0.6898135655969722,0.24833551941476095,0.5368421052631579,0.5,0.010457613449323507,0.00522254044886783,0.09055079228465925,0.0
train_to_validation,glm_lasso,Lasso GLM,c=4; l1_ratio=None; lambda=0.25; model_name=glm_lasso; penalty_family=lasso,5,0.6960596122074849,0.2428346321444042,0.5894736842105263,0.6916017316017316,0.2095833529135707,0.077935364437868,0.130628143642009,0.13633789353659254
train_to_validation,glm_lasso,Lasso GLM,c=0.015625; l1_ratio=None; lambda=64; model_name=glm_lasso; penalty_family=lasso,5,0.6968488714918113,0.25182343329058593,0.5368421052631579,0.5,0.02054900024428703,0.010216133154829317,0.09055079228465925,0.0
train_to_validation,glm_lasso,Lasso GLM,c=8; l1_ratio=None; lambda=0.125; model_name=glm_lasso; penalty_family=lasso,5,0.7046650495131287,0.2454095711358566,0.5684210526315789,0.693932178932179,0.219554447583308,0.08045521003777169,0.1218509147662129,0.13719348342364282
train_to_validation,glm_vanilla,Vanilla GLM,{},5,0.7289324585874527,0.2538399779095829,0.5894736842105263,0.6804040404040403,0.23764009065062636,0.08507443825610714,0.14661461344404336,0.14975300870001979
train_validation_to_test,glm_ridge,GLM Ridge,c=0.03125; l1_ratio=None; lambda=32; model_name=glm_ridge; penalty_family=ridge,5,0.6521876914488466,0.23026274983490813,0.6121212121212121,0.6679168761521702,0.023902208752318056,0.010442208949033445,0.02267671143499356,0.0346858241741304
train_validation_to_test,glm_ridge,GLM Ridge,c=0.0625; l1_ratio=None; lambda=16; model_name=glm_ridge; penalty_family=ridge,5,0.6555298997034993,0.23143321862209493,0.6181818181818182,0.6663390313390313,0.03126350122774462,0.012847895200661192,0.03090314856722897,0.03168872497884663
train_validation_to_test,glm_ridge,GLM Ridge,c=0.125; l1_ratio=None; lambda=8; model_name=glm_ridge; penalty_family=ridge,5,0.66253284460065,0.23381993723139657,0.6484848484848484,0.6619067370537959,0.040308823941858266,0.015869336407439302,0.014845392380504098,0.03461145149050356
train_validation_to_test,glm_ridge,GLM Ridge,c=0.25; l1_ratio=None; lambda=4; model_name=glm_ridge; penalty_family=ridge,5,0.6705212126815306,0.23634055660262895,0.6424242424242423,0.6627044578515167,0.050022773069579134,0.01912786795745697,0.02267671143499356,0.04004913408188971
train_validation_to_test,glm_ridge,GLM Ridge,c=0.5; l1_ratio=None; lambda=2; model_name=glm_ridge; penalty_family=ridge,5,0.677536706912498,0.23842779288097393,0.6484848484848484,0.6581460532931119,0.05827376515814945,0.02179494024874658,0.014845392380504098,0.043623045016039634
train_validation_to_test,glm_ridge,GLM Ridge,c=1; l1_ratio=None; lambda=1; model_name=glm_ridge; penalty_family=ridge,5,0.6826853587882435,0.239908160649563,0.6484848484848486,0.6551885369532429,0.06390385404581286,0.02353550758053463,0.030903148567229005,0.049869004377971655
train_validation_to_test,glm_ridge,GLM Ridge,c=2; l1_ratio=None; lambda=0.5; model_name=glm_ridge; penalty_family=ridge,5,0.6860030665737022,0.24086183504374645,0.6545454545454545,0.655097620244679,0.06717936334339715,0.02451040052219844,0.03636363636363638,0.05197765337778643
train_validation_to_test,glm_ridge,GLM Ridge,c=4; l1_ratio=None; lambda=0.25; model_name=glm_ridge; penalty_family=ridge,5,0.6879357514245056,0.24142050484180638,0.6606060606060606,0.6550921736215854,0.06878849244099063,0.024969091887755646,0.04453617714151235,0.05041060479133291
train_validation_to_test,glm_ridge,GLM Ridge,c=8; l1_ratio=None; lambda=0.125; model_name=glm_ridge; penalty_family=ridge,5,0.689011181890675,0.2417318408022374,0.6606060606060606,0.6543229428523546,0.06956572632321045,0.025183225858843583,0.04453617714151235,0.05027684768901093
train_validation_to_test,glm_ridge,GLM Ridge,c=16; l1_ratio=None; lambda=0.0625; model_name=glm_ridge; penalty_family=ridge,5,0.6896248092201833,0.24190989029889245,0.6606060606060606,0.652812971342383,0.0698947844348809,0.0252642680789563,0.04453617714151235,0.05050919107961473
train_validation_to_test,glm_elastic_net,Elastic Net GLM,c=0.03125; l1_ratio=0.05; lambda=32; model_name=glm_elastic_net; penalty_family=elastic_net,5,0.6539955644837464,0.23110483093034384,0.6060606060606061,0.6711186525892409,0.022782295152767883,0.010251735666006482,0.05420770854544946,0.04339559257960543
train_validation_to_test,glm_elastic_net,Elastic Net GLM,c=0.0625; l1_ratio=0.05; lambda=16; model_name=glm_elastic_net; penalty_family=elastic_net,5,0.655562010711934,0.23154850695952683,0.618181818181818,0.6650054466230937,0.029384426771702627,0.012273930888044975,0.049236596391733084,0.037583980543945274
train_validation_to_test,glm_elastic_net,Elastic Net GLM,c=0.0625; l1_ratio=0.15; lambda=16; model_name=glm_elastic_net; penalty_family=elastic_net,5,0.6571720967438237,0.23240324328380932,0.6363636363636364,0.6643610692140104,0.029011100860282888,0.012623681978511143,0.042854956435548326,0.04105198460323823
train_validation_to_test,glm_elastic_net,Elastic Net GLM,c=0.125; l1_ratio=0.3; lambda=8; model_name=glm_elastic_net; penalty_family=elastic_net,5,0.6608988625759595,0.2337582257862248,0.6303030303030303,0.6599057315233786,0.034019757050552824,0.014243545280823599,0.03533910239300179,0.045088042737782545
train_validation_to_test,glm_elastic_net,Elastic Net GLM,c=0.125; l1_ratio=0.15; lambda=8; model_name=glm_elastic_net; penalty_family=elastic_net,5,0.6610890893029417,0.23356306159448542,0.6424242424242423,0.6635700519524048,0.036667694637742033,0.014895784431592495,0.03533910239300182,0.046478642836205904
train_validation_to_test,glm_elastic_net,Elastic Net GLM,c=0.03125; l1_ratio=0.15; lambda=32; model_name=glm_elastic_net; penalty_family=elastic_net,5,0.6613604724462722,0.23444636496524787,0.6242424242424243,0.6569239148650914,0.022198359938054333,0.010493091223710251,0.024242424242424218,0.04801900579282476
train_validation_to_test,glm_elastic_net,Elastic Net GLM,c=0.0625; l1_ratio=0.3; lambda=16; model_name=glm_elastic_net; penalty_family=elastic_net,5,0.6613629624921595,0.23430171318069987,0.6121212121212121,0.6569075749958102,0.028440701186612287,0.013040100655442038,0.03533910239300179,0.04678775519115332
train_validation_to_test,glm_elastic_net,Elastic Net GLM,c=0.125; l1_ratio=0.05; lambda=8; model_name=glm_elastic_net; penalty_family=elastic_net,5,0.6617248419862605,0.233600430634479,0.6484848484848484,0.6687443438914027,0.039117851565242424,0.015576699910783231,0.030903148567229005,0.04175674967694462
train_validation_to_test,glm_elastic_net,Elastic Net GLM,c=0.125; l1_ratio=0.5; lambda=8; model_name=glm_elastic_net; penalty_family=elastic_net,5,0.6625342338787823,0.2345830692690853,0.6242424242424243,0.6560935143288085,0.033840163555770394,0.014840449564691249,0.04535342286998717,0.04779962420285841
train_validation_to_test,glm_elastic_net,Elastic Net GLM,c=0.125; l1_ratio=0.7; lambda=8; model_name=glm_elastic_net; penalty_family=elastic_net,5,0.6646856341002035,0.2356277636768679,0.6121212121212121,0.6531305513658455,0.033780372454426714,0.015282710870381737,0.048484848484848485,0.0500417679014569
train_validation_to_test,glm_elastic_net,Elastic Net GLM,c=0.25; l1_ratio=0.85; lambda=4; model_name=glm_elastic_net; penalty_family=elastic_net,5,0.6652311108782026,0.23549839515052207,0.6363636363636364,0.6545902463549523,0.037482145120817344,0.01579736874557708,0.05749595745760688,0.04599344547358674
train_validation_to_test,glm_elastic_net,Elastic Net GLM,c=0.25; l1_ratio=0.95; lambda=4; model_name=glm_elastic_net; penalty_family=elastic_net,5,0.6653089035752332,0.2355750000092125,0.6363636363636364,0.650868945868946,0.03762798712568241,0.016063231776358097,0.05749595745760688,0.04937257822011752
train_validation_to_test,glm_elastic_net,Elastic Net GLM,c=0.25; l1_ratio=0.7; lambda=4; model_name=glm_elastic_net; penalty_family=elastic_net,5,0.6654500459676521,0.2355345316341268,0.6363636363636364,0.6531711915535446,0.03788306214808399,0.01568123537284188,0.05749595745760688,0.04654299894399021
train_validation_to_test,glm_elastic_net,Elastic Net GLM,c=0.25; l1_ratio=0.5; lambda=4; model_name=glm_elastic_net; penalty_family=elastic_net,5,0.6659387123030138,0.2355225729112115,0.6484848484848484,0.6524589408412937,0.039617852019732676,0.01595750295864395,0.04535342286998717,0.04720831273014273
train_validation_to_test,glm_elastic_net,Elastic Net GLM,c=0.25; l1_ratio=0.3; lambda=4; model_name=glm_elastic_net; penalty_family=elastic_net,5,0.6664472370558192,0.23530711242909486,0.6484848484848484,0.6598554550025139,0.04421057375563977,0.017588878361394163,0.030903148567229005,0.04749456911418801
train_validation_to_test,glm_elastic_net,Elastic Net GLM,c=0.125; l1_ratio=0.85; lambda=8; model_name=glm_elastic_net; penalty_family=elastic_net,5,0.6669292686603816,0.23664838741306515,0.6181818181818182,0.65396220881515,0.03361316763006768,0.015433151405501295,0.06239775843022425,0.05342330504138171
train_validation_to_test,glm_elastic_net,Elastic Net GLM,c=0.25; l1_ratio=0.15; lambda=4; model_name=glm_elastic_net; penalty_family=elastic_net,5,0.6680715998996675,0.23564558334797603,0.6606060606060605,0.6642374727668845,0.04762284396495119,0.018622306142106842,0.03533910239300183,0.04483895668485298
train_validation_to_test,glm_elastic_net,Elastic Net GLM,c=0.125; l1_ratio=0.95; lambda=8; model_name=glm_elastic_net; penalty_family=elastic_net,5,0.6691762548819483,0.23768737367340723,0.6121212121212122,0.6472779453661806,0.03323614191541088,0.015374770543537518,0.07272727272727275,0.05913449719626181
train_validation_to_test,glm_elastic_net,Elastic Net GLM,c=0.0625; l1_ratio=0.5; lambda=16; model_name=glm_elastic_net; penalty_family=elastic_net,5,0.6695233975694712,0.23806648017284388,0.6060606060606061,0.6510604156192391,0.027563166646375026,0.013030939498084577,0.05749595745760688,0.05912933565226748
train_validation_to_test,glm_elastic_net,Elastic Net GLM,c=0.5; l1_ratio=0.95; lambda=2; model_name=glm_elastic_net; penalty_family=elastic_net,5,0.6696750661024232,0.2366308779755406,0.6424242424242423,0.6501403552874141,0.04603484422793612,0.0183100667041551,0.04020151261036848,0.04548959959186933
train_validation_to_test,glm_elastic_net,Elastic Net GLM,c=0.25; l1_ratio=0.05; lambda=4; model_name=glm_elastic_net; penalty_family=elastic_net,5,0.6698590855783799,0.23616541308853223,0.6545454545454545,0.661992207139266,0.04952261959581167,0.01906668691031785,0.014845392380504098,0.0403635236602052
train_validation_to_test,glm_elastic_net,Elastic Net GLM,c=0.5; l1_ratio=0.85; lambda=2; model_name=glm_elastic_net; penalty_family=elastic_net,5,0.6701150083195968,0.23665704195599035,0.6484848484848484,0.6508865426512485,0.04756745331075527,0.01884440334443849,0.014845392380504098,0.04778942956770476
train_validation_to_test,glm_elastic_net,Elastic Net GLM,c=0.5; l1_ratio=0.7; lambda=2; model_name=glm_elastic_net; penalty_family=elastic_net,5,0.6708073869003114,0.2367212227307728,0.6484848484848484,0.6575762527233115,0.04972555925148659,0.019588642269765717,0.014845392380504098,0.04858226718511407
train_validation_to_test,glm_elastic_net,Elastic Net GLM,c=0.5; l1_ratio=0.5; lambda=2; model_name=glm_elastic_net; penalty_family=elastic_net,5,0.671571746661871,0.23674981974269932,0.6545454545454545,0.6597306016423664,0.05239041101965841,0.020479313070471995,0.030903148567229,0.04643436226946896
train_validation_to_test,glm_elastic_net,Elastic Net GLM,c=0.5; l1_ratio=0.3; lambda=2; model_name=glm_elastic_net; penalty_family=elastic_net,5,0.6737504918300001,0.23731415505728584,0.6666666666666666,0.6589437740908328,0.05558490604252654,0.021380743840355335,0.027103854272724753,0.04617531645910998
train_validation_to_test,glm_elastic_net,Elastic Net GLM,c=0.03125; l1_ratio=0.3; lambda=32; model_name=glm_elastic_net; penalty_family=elastic_net,5,0.6749514515725134,0.2408550907646961,0.5878787878787878,0.6445458354281884,0.020347130678723357,0.009839658699415192,0.04110503020075921,0.06963536683959837
train_validation_to_test,glm_elastic_net,Elastic Net GLM,c=1; l1_ratio=0.95; lambda=1; model_name=glm_elastic_net; penalty_family=elastic_net,5,0.6751644778506912,0.23773663856629162,0.6606060606060605,0.6619297804591923,0.05790298280811867,0.022393351699031994,0.04848484848484849,0.05057799935175777
train_validation_to_test,glm_elastic_net,Elastic Net GLM,c=1; l1_ratio=0.85; lambda=1; model_name=glm_elastic_net; penalty_family=elastic_net,5,0.6758604331519943,0.2379117289292149,0.6606060606060605,0.6611605496899615,0.05895320215571335,0.022703346864087093,0.04020151261036848,0.05019644203623755
train_validation_to_test,glm_elastic_net,Elastic Net GLM,c=0.5; l1_ratio=0.15; lambda=2; model_name=glm_elastic_net; penalty_family=elastic_net,5,0.6760837649679218,0.23801630412934438,0.6606060606060605,0.6560093011563598,0.057679220816971265,0.021822052484705704,0.0226767114349936,0.046721189479732625
train_validation_to_test,glm_elastic_net,Elastic Net GLM,c=1; l1_ratio=0.7; lambda=1; model_name=glm_elastic_net; penalty_family=elastic_net,5,0.6769854148072234,0.2382099430560653,0.6666666666666666,0.6596275347745936,0.060423533849366884,0.023105863037488832,0.03319530651546462,0.05142775902059156
train_validation_to_test,glm_elastic_net,Elastic Net GLM,c=0.5; l1_ratio=0.05; lambda=2; model_name=glm_elastic_net; penalty_family=elastic_net,5,0.6770868965358112,0.23830308271610673,0.6484848484848484,0.6566645718116305,0.05811013659618548,0.021811614803491107,0.014845392380504098,0.04443303319989134
train_validation_to_test,glm_elastic_net,Elastic Net GLM,c=0.0625; l1_ratio=0.7; lambda=16; model_name=glm_elastic_net; penalty_family=elastic_net,5,0.6783542960668062,0.24239195029092803,0.5818181818181818,0.6335147477794536,0.02397674110498948,0.011467834092128301,0.05875975584747065,0.07794415911413065
train_validation_to_test,glm_elastic_net,Elastic Net GLM,c=1; l1_ratio=0.5; lambda=1; model_name=glm_elastic_net; penalty_family=elastic_net,5,0.6788672922601323,0.23877732008007135,0.6484848484848484,0.6588867940338528,0.06196240617797,0.023397738638054177,0.014845392380504098,0.05010369814063401
train_validation_to_test,glm_elastic_net,Elastic Net GLM,c=1; l1_ratio=0.3; lambda=1; model_name=glm_elastic_net; penalty_family=elastic_net,5,0.6807896611312876,0.23935231537277074,0.6424242424242423,0.658117563264622,0.063456411977162,0.023665068331762715,0.02267671143499356,0.048056386811259656
train_validation_to_test,glm_elastic_net,Elastic Net GLM,c=1; l1_ratio=0.15; lambda=1; model_name=glm_elastic_net; penalty_family=elastic_net,5,0.6818030511187281,0.23965350766788968,0.6424242424242423,0.6558953410423998,0.06382079932344828,0.023642841637445487,0.02267671143499356,0.048379294131915024
train_validation_to_test,glm_elastic_net,Elastic Net GLM,c=2; l1_ratio=0.95; lambda=0.5; model_name=glm_elastic_net; penalty_family=elastic_net,5,0.6818302797532245,0.23962123690224907,0.6545454545454545,0.6574053125523713,0.06536799306078432,0.024436438188322748,0.02424242424242426,0.0478288975549581
train_validation_to_test,glm_elastic_net,Elastic Net GLM,c=1; l1_ratio=0.05; lambda=1; model_name=glm_elastic_net; penalty_family=elastic_net,5,0.682395431791904,0.23982702057226385,0.6484848484848486,0.6559238310708899,0.06389883749768334,0.02357899734204383,0.030903148567229005,0.04955298647824052
train_validation_to_test,glm_elastic_net,Elastic Net GLM,c=2; l1_ratio=0.85; lambda=0.5; model_name=glm_elastic_net; penalty_family=elastic_net,5,0.6824383445512417,0.23980127382774205,0.6545454545454545,0.6558668510139098,0.06578456876301925,0.024507639551098626,0.02424242424242426,0.04729710601444668
train_validation_to_test,glm_elastic_net,Elastic Net GLM,c=2; l1_ratio=0.7; lambda=0.5; model_name=glm_elastic_net; penalty_family=elastic_net,5,0.6832581246390853,0.24004379275779866,0.6484848484848484,0.652134657281716,0.06631605729811382,0.0245885416707771,0.030903148567229005,0.048363391419695645
train_validation_to_test,glm_elastic_net,Elastic Net GLM,c=2; l1_ratio=0.5; lambda=0.5; model_name=glm_elastic_net; penalty_family=elastic_net,5,0.6839862290509855,0.2402606766243828,0.6484848484848484,0.6528753980224569,0.06651456708533529,0.02455452820884982,0.030903148567229005,0.04746579769464064
train_validation_to_test,glm_elastic_net,Elastic Net GLM,c=2; l1_ratio=0.3; lambda=0.5; model_name=glm_elastic_net; penalty_family=elastic_net,5,0.6847786468443635,0.24049772685827359,0.6545454545454545,0.6536161387631976,0.06678504173315705,0.02453877262848424,0.03636363636363638,0.048784020414678345
train_validation_to_test,glm_elastic_net,Elastic Net GLM,c=0.0625; l1_ratio=0.85; lambda=16; model_name=glm_elastic_net; penalty_family=elastic_net,5,0.6850796830945496,0.24580999072948959,0.5515151515151515,0.6238905647729178,0.018752934747746176,0.009069995863700086,0.04848484848484849,0.08180017894932722
train_validation_to_test,glm_elastic_net,Elastic Net GLM,c=2; l1_ratio=0.15; lambda=0.5; model_name=glm_elastic_net; penalty_family=elastic_net,5,0.685393342876438,0.24068194006913254,0.6545454545454545,0.655097620244679,0.0669973785910782,0.024528688947087537,0.03636363636363638,0.04976656251153099
train_validation_to_test,glm_elastic_net,Elastic Net GLM,c=4; l1_ratio=0.95; lambda=0.25; model_name=glm_elastic_net; penalty_family=elastic_net,5,0.6857004637644408,0.2407652524211473,0.6545454545454545,0.6558383609854198,0.0679081243251782,0.024939404073187656,0.03636363636363638,0.04890595525166616
train_validation_to_test,glm_elastic_net,Elastic Net GLM,c=2; l1_ratio=0.05; lambda=0.5; model_name=glm_elastic_net; penalty_family=elastic_net,5,0.6858109309061964,0.24080785497282772,0.6545454545454545,0.655097620244679,0.06713556049377999,0.024519691934930834,0.03636363636363638,0.05197765337778643
train_validation_to_test,glm_elastic_net,Elastic Net GLM,c=4; l1_ratio=0.85; lambda=0.25; model_name=glm_elastic_net; penalty_family=elastic_net,5,0.6859298756185381,0.24082998290543084,0.6545454545454545,0.655097620244679,0.06796602824510217,0.02493211775215162,0.03636363636363638,0.04976656251153099
train_validation_to_test,glm_elastic_net,Elastic Net GLM,c=4; l1_ratio=0.7; lambda=0.25; model_name=glm_elastic_net; penalty_family=elastic_net,5,0.686260041236218,0.2409248679581734,0.6606060606060606,0.655097620244679,0.06806065704436562,0.02492449647580321,0.04453617714151235,0.04976656251153099
train_validation_to_test,glm_elastic_net,Elastic Net GLM,c=4; l1_ratio=0.5; lambda=0.25; model_name=glm_elastic_net; penalty_family=elastic_net,5,0.6867013489921971,0.24105258713208993,0.6606060606060606,0.655097620244679,0.06821093151051914,0.024922590854774895,0.04453617714151235,0.04976656251153099
train_validation_to_test,glm_elastic_net,Elastic Net GLM,c=4; l1_ratio=0.3; lambda=0.25; model_name=glm_elastic_net; penalty_family=elastic_net,5,0.6871421041597447,0.24118465222398805,0.6606060606060606,0.6558329143623262,0.06837734621989065,0.024922014197936417,0.04453617714151235,0.04950587733707103
train_validation_to_test,glm_elastic_net,Elastic Net GLM,c=4; l1_ratio=0.15; lambda=0.25; model_name=glm_elastic_net; penalty_family=elastic_net,5,0.6875049948434534,0.2412936741027761,0.6606060606060606,0.6565736551030669,0.068546354570074,0.02493336037510964,0.04453617714151235,0.04862945898484002
train_validation_to_test,glm_elastic_net,Elastic Net GLM,c=8; l1_ratio=0.95; lambda=0.125; model_name=glm_elastic_net; penalty_family=elastic_net,5,0.6876357343542407,0.24133749648654446,0.6606060606060606,0.6558329143623262,0.06881138747776035,0.02507483131451353,0.04453617714151235,0.04950587733707103
train_validation_to_test,glm_elastic_net,Elastic Net GLM,c=8; l1_ratio=0.85; lambda=0.125; model_name=glm_elastic_net; penalty_family=elastic_net,5,0.687764643683746,0.24137279148641166,0.6606060606060606,0.6558329143623262,0.06885687322536214,0.025076386190979974,0.04453617714151235,0.04950587733707103
train_validation_to_test,glm_elastic_net,Elastic Net GLM,c=4; l1_ratio=0.05; lambda=0.25; model_name=glm_elastic_net; penalty_family=elastic_net,5,0.6877718676884771,0.24137414602197665,0.6606060606060606,0.6550921736215854,0.0686963519090133,0.02495233355419852,0.04453617714151235,0.05041060479133291
train_validation_to_test,glm_elastic_net,Elastic Net GLM,c=8; l1_ratio=0.7; lambda=0.125; model_name=glm_elastic_net; penalty_family=elastic_net,5,0.6879517953070046,0.24142562288387603,0.6606060606060606,0.6558329143623262,0.06892324078473036,0.025077599079204628,0.04453617714151235,0.04950587733707103
train_validation_to_test,glm_elastic_net,Elastic Net GLM,c=8; l1_ratio=0.5; lambda=0.125; model_name=glm_elastic_net; penalty_family=elastic_net,5,0.6882198839205571,0.24150325735618602,0.6606060606060606,0.6558329143623262,0.06905238556141972,0.02509060441119285,0.04453617714151235,0.04950587733707103
train_validation_to_test,glm_elastic_net,Elastic Net GLM,c=8; l1_ratio=0.3; lambda=0.125; model_name=glm_elastic_net; penalty_family=elastic_net,5,0.6885105087282779,0.24158825348527677,0.6606060606060606,0.6550636835930954,0.06922524956888898,0.025116719052801807,0.04453617714151235,0.049381209282162906
train_validation_to_test,glm_elastic_net,Elastic Net GLM,c=8; l1_ratio=0.15; lambda=0.125; model_name=glm_elastic_net; penalty_family=elastic_net,5,0.6887295252732878,0.24165245185806175,0.6606060606060606,0.6543229428523546,0.06935888499269774,0.02513749482073506,0.04453617714151235,0.05027684768901093
train_validation_to_test,glm_elastic_net,Elastic Net GLM,c=8; l1_ratio=0.05; lambda=0.125; model_name=glm_elastic_net; penalty_family=elastic_net,5,0.6888765067756646,0.24169656135989487,0.6606060606060606,0.6543229428523546,0.06944909844673848,0.02515176330849706,0.04453617714151235,0.05027684768901093
train_validation_to_test,glm_elastic_net,Elastic Net GLM,c=0.0625; l1_ratio=0.95; lambda=16; model_name=glm_elastic_net; penalty_family=elastic_net,5,0.6893792799713483,0.24799127868239132,0.5454545454545454,0.6158836098541981,0.016125163593091383,0.007847244872964383,0.05070666827479246,0.09102630849572882
train_validation_to_test,glm_elastic_net,Elastic Net GLM,c=0.03125; l1_ratio=0.5; lambda=32; model_name=glm_elastic_net; penalty_family=elastic_net,5,0.6907895910132629,0.24877198479582113,0.5151515151515151,0.6153247025305848,0.011504542293616027,0.00566290273281376,0.038330638305071246,0.10053209102798599
train_validation_to_test,glm_elastic_net,Elastic Net GLM,c=0.03125; l1_ratio=0.7; lambda=32; model_name=glm_elastic_net; penalty_family=elastic_net,5,0.6974166586407863,0.2521168903983409,0.48484848484848486,0.5384519021283728,0.007619247497991844,0.003797834525473991,0.05070666827479244,0.13594357201837104
train_validation_to_test,glm_elastic_net,Elastic Net GLM,c=0.03125; l1_ratio=0.85; lambda=32; model_name=glm_elastic_net; penalty_family=elastic_net,5,0.7000895410679226,0.2534560032598867,0.48484848484848486,0.5510608345902464,0.008595795831028047,0.004292283174509507,0.05749595745760688,0.12487893271110102
train_validation_to_test,glm_elastic_net,Elastic Net GLM,c=0.03125; l1_ratio=0.95; lambda=32; model_name=glm_elastic_net; penalty_family=elastic_net,5,0.7005550884841151,0.25368920138727763,0.4727272727272728,0.49403594771241827,0.008607776716591936,0.004291286250938162,0.052835138709583916,0.026724054774540408
train_validation_to_test,glm_lasso,Lasso GLM,c=0.25; l1_ratio=None; lambda=4; model_name=glm_lasso; penalty_family=lasso,5,0.6653872230028763,0.2356360258041724,0.6363636363636364,0.6523504273504275,0.03760710756316932,0.016140964611798012,0.05749595745760688,0.04825587671720869
train_validation_to_test,glm_lasso,Lasso GLM,c=0.5; l1_ratio=None; lambda=2; model_name=glm_lasso; penalty_family=lasso,5,0.6696270562685624,0.2366844348905345,0.6424242424242423,0.6494281045751634,0.04523937117728754,0.01802644756944371,0.04020151261036848,0.04611398809417789
train_validation_to_test,glm_lasso,Lasso GLM,c=0.125; l1_ratio=None; lambda=8; model_name=glm_lasso; penalty_family=lasso,5,0.6703796358614191,0.23824931088814155,0.6181818181818182,0.6466335679570974,0.033020032504755284,0.015318727920075841,0.07067820478600366,0.06215002784615317
train_validation_to_test,glm_lasso,Lasso GLM,c=1; l1_ratio=None; lambda=1; model_name=glm_lasso; penalty_family=lasso,5,0.6748928058777304,0.23767911505415232,0.6545454545454545,0.6611835930953578,0.05737375616295919,0.02222450901597838,0.04110503020075921,0.049806036560362484
train_validation_to_test,glm_lasso,Lasso GLM,c=2; l1_ratio=None; lambda=0.5; model_name=glm_lasso; penalty_family=lasso,5,0.6815342465276308,0.23953299636393327,0.6484848484848484,0.6581460532931122,0.06516901384422433,0.02440430073850369,0.014845392380504098,0.04912492363673503
train_validation_to_test,glm_lasso,Lasso GLM,c=4; l1_ratio=None; lambda=0.25; model_name=glm_lasso; penalty_family=lasso,5,0.6855842760525855,0.24073278435522322,0.6545454545454545,0.6558383609854198,0.06788089740809618,0.0249435366795075,0.03636363636363638,0.04890595525166616
train_validation_to_test,glm_lasso,Lasso GLM,c=8; l1_ratio=None; lambda=0.125; model_name=glm_lasso; penalty_family=lasso,5,0.6875673368349029,0.2413191255050481,0.6606060606060606,0.6558329143623262,0.0687908283611528,0.025075123875547486,0.04453617714151235,0.04950587733707103
train_validation_to_test,glm_lasso,Lasso GLM,c=0.0625; l1_ratio=None; lambda=16; model_name=glm_lasso; penalty_family=lasso,5,0.6912122406137268,0.24892091995987942,0.5212121212121212,0.6092672197083961,0.015319186415371834,0.007483558467044213,0.04453617714151233,0.09768061045752886
train_validation_to_test,glm_lasso,Lasso GLM,c=0.03125; l1_ratio=None; lambda=32; model_name=glm_lasso; penalty_family=lasso,5,0.7004718607674413,0.25365128092935535,0.4787878787878788,0.48888888888888893,0.008821428421059343,0.00439962883663598,0.05213530464874319,0.022222222222222233
train_validation_to_test,glm_lasso,Lasso GLM,c=0.015625; l1_ratio=None; lambda=64; model_name=glm_lasso; penalty_family=lasso,5,0.7005987709895553,0.25371305679403683,0.4666666666666667,0.5,0.008953114266735418,0.004461185346132597,0.04923659639173309,0.0
train_validation_to_test,glm_vanilla,Vanilla GLM,{},5,0.6904392037004146,0.24217360709683264,0.6606060606060606,0.6528129713423831,0.06980010354904873,0.02516651431596096,0.04453617714151235,0.049521843174686685
