phase,model_name,display_name,params,folds_used,mean_log_loss,mean_brier,mean_accuracy,mean_auc,std_log_loss,std_brier,std_accuracy,std_auc
train_to_validation,glm_ridge,GLM Ridge,c=0.05,5,0.6155563561891626,0.2046736970640323,0.7347826086956523,0.7688152958152958,0.08333048183724487,0.027830295751558945,0.034782608695652195,0.0550379465551819
train_to_validation,glm_ridge,GLM Ridge,c=0.1,5,0.6290989934777363,0.20612841888353,0.726086956521739,0.7646637806637807,0.10120610461974175,0.03131936345368666,0.056017820550978814,0.05779462289560201
train_to_validation,glm_ridge,GLM Ridge,c=0.25,5,0.6529193944540751,0.20925574195650962,0.7217391304347827,0.7615584415584415,0.12524399235942976,0.03549700101084275,0.04433930011819816,0.06081667331910568
train_to_validation,glm_ridge,GLM Ridge,c=0.5,5,0.6782565084094473,0.21343117495166813,0.7043478260869566,0.7560526695526695,0.1446654280883789,0.038279167284049787,0.04682752006203916,0.061398317149443535
train_to_validation,glm_ridge,GLM Ridge,c=1,5,0.7126488946319552,0.21928396857223947,0.708695652173913,0.7571637806637807,0.16516730527268658,0.04043652435628867,0.05768043113661564,0.06397809464066809
train_to_validation,glm_ridge,GLM Ridge,c=2,5,0.7555474451227827,0.22588274610478223,0.7000000000000001,0.7558939393939393,0.18634659640363935,0.0418480595801482,0.0573517650359692,0.06484004649783975
train_to_validation,glm_ridge,GLM Ridge,c=4,5,0.8037785231336233,0.23256343294953155,0.691304347826087,0.7466226551226551,0.20676569871238623,0.04234897973110375,0.06929294543699661,0.06158236771431771
train_to_validation,glm_elastic_net,Elastic Net GLM,c=0.05; l1_ratio=0.5,5,0.5937460954198166,0.20310726021184414,0.7130434782608696,0.7727922077922079,0.021093365522246877,0.01057613593828276,0.03478260869565218,0.055513566852128264
train_to_validation,glm_elastic_net,Elastic Net GLM,c=0.1; l1_ratio=0.75,5,0.5940110118087543,0.20259892976709062,0.7,0.7707496392496392,0.026021355015845515,0.012334045952074758,0.034782608695652154,0.050868815441868706
train_to_validation,glm_elastic_net,Elastic Net GLM,c=0.05; l1_ratio=0.25,5,0.5961804601686936,0.202980467318901,0.6869565217391304,0.7742821067821068,0.03752792640138933,0.01573595405606305,0.017391304347826077,0.05376887271719412
train_to_validation,glm_elastic_net,Elastic Net GLM,c=0.1; l1_ratio=0.5,5,0.598759830373551,0.20342531980244366,0.6869565217391305,0.7723138528138529,0.04415815704781578,0.017498529311254573,0.02608695652173911,0.051541788195222
train_to_validation,glm_elastic_net,Elastic Net GLM,c=0.05; l1_ratio=0.75,5,0.6058787824978669,0.20865212581808973,0.6782608695652174,0.7667958152958153,0.021589624153308423,0.010620246517885712,0.04642207935665785,0.0755318006678986
train_to_validation,glm_elastic_net,Elastic Net GLM,c=0.05; l1_ratio=0.1,5,0.6063397775289396,0.20486027280298064,0.7,0.7699963924963924,0.06557073925176693,0.023734829922186205,0.034782608695652154,0.05597887138844517
train_to_validation,glm_elastic_net,Elastic Net GLM,c=0.1; l1_ratio=0.25,5,0.6114615378755077,0.2060828318020008,0.7,0.7661334776334776,0.0712009028522039,0.02474199612337943,0.034782608695652154,0.04875109048914645
train_to_validation,glm_elastic_net,Elastic Net GLM,c=0.25; l1_ratio=0.75,5,0.6175594975818579,0.20762280664565452,0.6956521739130433,0.7653737373737374,0.07762657087845935,0.025658399274156956,0.03074377309506726,0.04819600002312305
train_to_validation,glm_elastic_net,Elastic Net GLM,c=0.1; l1_ratio=0.1,5,0.6200185420580104,0.2062133813587824,0.717391304347826,0.7665699855699855,0.08794633088361216,0.028662378644786764,0.054996133220319654,0.054073612847326306
train_to_validation,glm_elastic_net,Elastic Net GLM,c=0.25; l1_ratio=0.5,5,0.6242671550757607,0.20801496393715585,0.7130434782608696,0.7642525252525253,0.09102524566323236,0.02873063269112511,0.03984848430396385,0.05099476545726887
train_to_validation,glm_elastic_net,Elastic Net GLM,c=0.25; l1_ratio=0.25,5,0.6334064158653634,0.20784010273592185,0.7217391304347827,0.7646457431457432,0.10514570226596873,0.03166535492793441,0.05032972566430535,0.05694873534490087
train_to_validation,glm_elastic_net,Elastic Net GLM,c=0.5; l1_ratio=0.75,5,0.6370851976515048,0.20917589242098233,0.7217391304347827,0.7623174603174604,0.10897737804518798,0.031928616676735466,0.0421537378905768,0.053889679481343024
train_to_validation,glm_elastic_net,Elastic Net GLM,c=0.25; l1_ratio=0.1,5,0.643130388443064,0.2083144501473509,0.7217391304347827,0.763463924963925,0.1160833342198933,0.03364881651362241,0.04433930011819816,0.06047764380667348
train_to_validation,glm_elastic_net,Elastic Net GLM,c=0.5; l1_ratio=0.5,5,0.645766403749234,0.20966683426052768,0.7304347826086957,0.7638520923520924,0.11825032123413685,0.03363758578722422,0.046827520062039184,0.05559704492634683
train_to_validation,glm_elastic_net,Elastic Net GLM,c=0.5; l1_ratio=0.25,5,0.6569026857401175,0.21040925468548335,0.726086956521739,0.7619098124098124,0.1293850653760319,0.03557266348977121,0.04476360930863915,0.06089707426675105
train_to_validation,glm_elastic_net,Elastic Net GLM,c=0.5; l1_ratio=0.1,5,0.6672320498474063,0.2117939971026294,0.7173913043478259,0.7602611832611832,0.13746830650693,0.03707998765297007,0.036376522892785895,0.062239953880577736
train_to_validation,glm_elastic_net,Elastic Net GLM,c=1; l1_ratio=0.75,5,0.6685185508326352,0.21391290184883233,0.726086956521739,0.7618354978354978,0.13750244869058162,0.036123967435597135,0.04476360930863915,0.05842135677777626
train_to_validation,glm_elastic_net,Elastic Net GLM,c=1; l1_ratio=0.5,5,0.678098853236577,0.2144845607916545,0.7173913043478262,0.7602409812409813,0.14541667617401616,0.03733218029958769,0.04560038470305008,0.060402957600317636
train_to_validation,glm_elastic_net,Elastic Net GLM,c=1; l1_ratio=0.25,5,0.6906495312426819,0.2162826094061673,0.708695652173913,0.7586334776334777,0.1523068924870846,0.038345215449158795,0.04880422678400792,0.061402678272954245
train_to_validation,glm_elastic_net,Elastic Net GLM,c=1; l1_ratio=0.1,5,0.7014730130614903,0.21790995345687048,0.7000000000000001,0.7567604617604617,0.15876414365358263,0.039515394917543335,0.050329725664305325,0.06256612642630227
train_to_validation,glm_lasso,Lasso GLM,c=0.1,5,0.5932020500399052,0.2028373390475345,0.7043478260869567,0.7710836940836941,0.024708467687047576,0.012128474364378196,0.037903469074266734,0.0577737930156865
train_to_validation,glm_lasso,Lasso GLM,c=0.25,5,0.6088970808722166,0.20581421600437294,0.6869565217391305,0.7672878787878787,0.06365139224057595,0.022269237853047585,0.022169650059099048,0.04757800060888296
train_to_validation,glm_lasso,Lasso GLM,c=0.05,5,0.6162608451778063,0.21337491401966563,0.673913043478261,0.771393217893218,0.01893960693149056,0.00921574671308761,0.03888813873912675,0.07826350764696748
train_to_validation,glm_lasso,Lasso GLM,c=0.5,5,0.6317337383757111,0.20939219757539904,0.7130434782608696,0.7623607503607503,0.10033580440301708,0.030262670875295723,0.03984848430396385,0.05293038818084064
train_to_validation,glm_lasso,Lasso GLM,c=1,5,0.6623250535532111,0.2128519404670027,0.726086956521739,0.7607582972582971,0.13325244296332647,0.03541236145921324,0.05430433042085565,0.05821760924868028
train_to_validation,glm_lasso,Lasso GLM,c=0.01,5,0.6892142871156987,0.24803555766925064,0.5478260869565219,0.5,0.003748696300598013,0.0018723266594009038,0.03194986621021539,0.0
train_to_validation,glm_vanilla,Vanilla GLM,{},5,5.285935091737412,0.3826079304357825,0.617391304347826,0.6130959595959596,0.5570424563521988,0.04031999977503779,0.04032008041519871,0.05167948616727801
train_to_validation,glmm_logit,GLMM Logit,feature_cap=10,5,0.8953840247210341,0.3144412983739341,0.5391304347826087,0.5301168831168831,0.1673560038949606,0.05918700960619858,0.07945942122824813,0.12591039983631924
train_to_validation,glmm_logit,GLMM Logit,feature_cap=14,5,0.9087894435114547,0.3193649257262235,0.4913043478260869,0.5107481962481962,0.1059235867202067,0.041526088854502215,0.06956521739130438,0.09561285194027502
train_to_validation,glmm_logit,GLMM Logit,feature_cap=6,5,0.9463110788163954,0.3353048777253762,0.4695652173913043,0.47397763347763344,0.042437310373853225,0.02132374746345461,0.046827520062039156,0.06504221673108158
train_to_validation,dglm_margin,DGLM Margin,feature_cap=6; iterations=1,5,0.6055069288262365,0.20692975692722895,0.6869565217391302,0.7564112554112554,0.08381938762964124,0.035470772221374694,0.08087424016407946,0.09618713016456609
train_to_validation,dglm_margin,DGLM Margin,feature_cap=6; iterations=2,5,0.6118236658893604,0.2084562173855833,0.6869565217391302,0.7598492063492064,0.09845643256918139,0.03965266452732213,0.07480282840906634,0.09798208365467242
train_to_validation,dglm_margin,DGLM Margin,feature_cap=10; iterations=1,5,0.6423809355803926,0.20982027065495448,0.7217391304347827,0.7507900432900433,0.11887600161223093,0.037330452595990764,0.08408295480788572,0.08845427543426264
train_to_validation,dglm_margin,DGLM Margin,feature_cap=14; iterations=1,5,0.6466281705525228,0.21101241043920455,0.6869565217391304,0.7396139971139971,0.10145734949213892,0.032228824125265884,0.06240304388872749,0.08229271496408541
train_to_validation,dglm_margin,DGLM Margin,feature_cap=10; iterations=2,5,0.6473125466993344,0.21027736142877657,0.7043478260869566,0.7496139971139971,0.12859567438847821,0.04069614822030477,0.09182048731279513,0.0907180629986434
train_to_validation,dglm_margin,DGLM Margin,feature_cap=14; iterations=2,5,0.6537397270710269,0.213216816383952,0.691304347826087,0.7376096681096681,0.10281695694679364,0.03541187479041016,0.058976782461958845,0.07928317141613103
train_to_validation,gam_spline,GAM Spline,c=0.25; feature_cap=3; n_knots=4,5,0.6240564590946105,0.21141703558199695,0.6869565217391305,0.7430079365079366,0.052500016078454184,0.022367512662126353,0.04682752006203917,0.06997114697932358
train_to_validation,gam_spline,GAM Spline,c=0.5; feature_cap=3; n_knots=4,5,0.6329321466252242,0.2127983774419354,0.6869565217391306,0.7426471861471862,0.05816788211286826,0.023904724638488566,0.05253498249388944,0.07092562059899615
train_to_validation,gam_spline,GAM Spline,c=0.25; feature_cap=3; n_knots=5,5,0.6381793142752116,0.21387565149489057,0.6869565217391305,0.7337655122655123,0.04039239383540519,0.01707719176419865,0.035321906107112847,0.05043086472759072
train_to_validation,gam_spline,GAM Spline,c=1; feature_cap=3; n_knots=4,5,0.6419059329210651,0.21407385213896507,0.7043478260869567,0.7411096681096682,0.06305271384769945,0.024862838755361064,0.05601782055097882,0.07123959385480136
train_to_validation,gam_spline,GAM Spline,c=0.5; feature_cap=3; n_knots=5,5,0.6564378856357072,0.2156613513045078,0.7,0.7310577200577202,0.05081607116062487,0.017721065901702058,0.031949866210215346,0.04960723564118524
train_to_validation,gam_spline,GAM Spline,c=1; feature_cap=3; n_knots=5,5,0.6788040010686556,0.21710862313875623,0.691304347826087,0.7271414141414141,0.07220829229732102,0.018215705328967394,0.02535196476019694,0.047485386915988206
train_to_validation,mars_hinge,MARS Hinge,c=0.25; feature_cap=4; interaction_degree=1; knots_per_feature=4,5,0.6016828565690788,0.20740685867412162,0.6652173913043478,0.7466341991341992,0.04385136046389278,0.01947569207963118,0.0379034690742667,0.05405629369695741
train_to_validation,mars_hinge,MARS Hinge,c=0.25; feature_cap=4; interaction_degree=1; knots_per_feature=3,5,0.602360072809823,0.20760580116586821,0.673913043478261,0.7458362193362194,0.04361749835859757,0.019345323043900707,0.03637652289278587,0.0544127899108831
train_to_validation,mars_hinge,MARS Hinge,c=0.25; feature_cap=6; interaction_degree=1; knots_per_feature=4,5,0.6033859435204637,0.20858092228307737,0.6608695652173914,0.7407113997113998,0.03113329813133964,0.014221500701082143,0.042599821613620456,0.0414877568848414
train_to_validation,mars_hinge,MARS Hinge,c=0.25; feature_cap=6; interaction_degree=1; knots_per_feature=3,5,0.603844967225838,0.20861633144772015,0.6608695652173914,0.7387813852813854,0.030553456353189706,0.013821793809069009,0.0325361511893386,0.03944982216825131
train_to_validation,mars_hinge,MARS Hinge,c=0.25; feature_cap=2; interaction_degree=1; knots_per_feature=4,5,0.603891224480471,0.20802848464815313,0.6652173913043478,0.745008658008658,0.0527058044051332,0.02379639961112954,0.0785020438489904,0.08546341556047028
train_to_validation,mars_hinge,MARS Hinge,c=0.25; feature_cap=2; interaction_degree=1; knots_per_feature=3,5,0.6045223675708563,0.2081496455611779,0.6608695652173914,0.7493888888888888,0.05319543416298782,0.024015596059793202,0.08430747578115357,0.0850441048755029
train_to_validation,mars_hinge,MARS Hinge,c=0.5; feature_cap=2; interaction_degree=1; knots_per_feature=4,5,0.6053193818496855,0.20888158266486415,0.6652173913043479,0.7492481962481962,0.055224401456921424,0.024055869885629893,0.06819298757112226,0.07342518405016732
train_to_validation,mars_hinge,MARS Hinge,c=0.5; feature_cap=4; interaction_degree=1; knots_per_feature=4,5,0.6054194265743925,0.2095323301617415,0.6695652173913044,0.7372366522366522,0.04290117819387708,0.017650053174453926,0.034782608695652154,0.040764470493831834
train_to_validation,mars_hinge,MARS Hinge,c=0.1; feature_cap=6; interaction_degree=1; knots_per_feature=3,5,0.6059918878173847,0.20876683426482895,0.6608695652173913,0.7536197691197691,0.03470290353635808,0.01652810131696701,0.05768043113661565,0.07462132534633734
train_to_validation,mars_hinge,MARS Hinge,c=0.1; feature_cap=4; interaction_degree=1; knots_per_feature=3,5,0.6060627737741473,0.20875695268966635,0.7173913043478262,0.7628192640692641,0.039487472315939055,0.01876280449942947,0.06448868249648403,0.08930513012034703
train_to_validation,mars_hinge,MARS Hinge,c=0.1; feature_cap=4; interaction_degree=1; knots_per_feature=4,5,0.6061035365399641,0.20875955382556483,0.7130434782608697,0.7624383116883118,0.039458498089804235,0.018759829952711884,0.06360321234055562,0.08924726074736396
train_to_validation,mars_hinge,MARS Hinge,c=0.1; feature_cap=6; interaction_degree=1; knots_per_feature=4,5,0.6063415293550125,0.20892277405000134,0.6608695652173913,0.750765873015873,0.035293374143928975,0.016824820558578223,0.05768043113661565,0.07694503951025689
train_to_validation,mars_hinge,MARS Hinge,c=0.5; feature_cap=2; interaction_degree=1; knots_per_feature=3,5,0.6064465180312784,0.20939093240577322,0.6565217391304348,0.7412388167388168,0.055833087819954726,0.024469976039602877,0.058976782461958845,0.07841796720913569
train_to_validation,mars_hinge,MARS Hinge,c=0.5; feature_cap=4; interaction_degree=1; knots_per_feature=3,5,0.6068095847070923,0.21009159705972996,0.6739130434782609,0.7337200577200578,0.04237513220365795,0.017747169862172348,0.027498066610159803,0.041120725421192904
train_to_validation,mars_hinge,MARS Hinge,c=0.1; feature_cap=2; interaction_degree=1; knots_per_feature=3,5,0.6097664485419085,0.2103679774820678,0.7,0.7574859307359308,0.043091196609039775,0.020336581680325542,0.07580693814853344,0.09649964437100308
train_to_validation,mars_hinge,MARS Hinge,c=0.1; feature_cap=2; interaction_degree=1; knots_per_feature=4,5,0.6099462448408761,0.2104289363705667,0.7043478260869566,0.7571049783549786,0.043346758971298464,0.020461654929020533,0.07605589428059087,0.09712235140871017
train_to_validation,mars_hinge,MARS Hinge,c=0.1; feature_cap=4; interaction_degree=2; knots_per_feature=3,5,0.6113309740615287,0.21095899050087547,0.7086956521739131,0.7524090909090908,0.037649580506071374,0.01804405122450196,0.05601782055097881,0.08472289373289382
train_to_validation,mars_hinge,MARS Hinge,c=0.1; feature_cap=6; interaction_degree=2; knots_per_feature=3,5,0.6122800369758234,0.2114251567740198,0.6521739130434783,0.742556277056277,0.033347370517736404,0.01605430244618117,0.05499613322031964,0.07463911079992412
train_to_validation,mars_hinge,MARS Hinge,c=0.1; feature_cap=4; interaction_degree=2; knots_per_feature=4,5,0.6128453708643553,0.21166280067553137,0.7,0.7482792207792208,0.037427307796650315,0.01797286393896954,0.05735176503596921,0.08703831769305734
train_to_validation,mars_hinge,MARS Hinge,c=0.1; feature_cap=6; interaction_degree=2; knots_per_feature=4,5,0.613458479198217,0.21200335453339667,0.6391304347826087,0.7385753968253967,0.03381899209631882,0.016290773952974215,0.06086956521739129,0.07783080102036939
train_to_validation,mars_hinge,MARS Hinge,c=0.1; feature_cap=2; interaction_degree=2; knots_per_feature=3,5,0.614271367150258,0.21231006717128603,0.7,0.7510097402597404,0.04166328092067717,0.019801854854714706,0.07580693814853344,0.09630516050824255
train_to_validation,mars_hinge,MARS Hinge,c=0.1; feature_cap=2; interaction_degree=2; knots_per_feature=4,5,0.61486029767994,0.21267866064088548,0.691304347826087,0.749485930735931,0.041878844164761106,0.019899159470947596,0.07826086956521738,0.09704463648715707
train_to_validation,mars_hinge,MARS Hinge,c=0.5; feature_cap=6; interaction_degree=1; knots_per_feature=3,5,0.6161346130754891,0.2142874907405951,0.6521739130434783,0.71504329004329,0.02391136534912768,0.010429462302804674,0.030743773095067265,0.026807842973544337
train_to_validation,mars_hinge,MARS Hinge,c=0.25; feature_cap=2; interaction_degree=2; knots_per_feature=4,5,0.616248700183677,0.21297084864363636,0.6652173913043479,0.7296031746031747,0.052628177034350215,0.023808952275619417,0.07728864710709209,0.08818776684966402
train_to_validation,mars_hinge,MARS Hinge,c=0.5; feature_cap=6; interaction_degree=1; knots_per_feature=4,5,0.6171550170295659,0.21460213282937426,0.6521739130434783,0.7220562770562771,0.02338506821210243,0.009539972035373547,0.013749033305079901,0.023048298595333493
train_to_validation,mars_hinge,MARS Hinge,c=0.25; feature_cap=6; interaction_degree=2; knots_per_feature=4,5,0.6246579236611697,0.21634077888607814,0.6434782608695652,0.7150339105339105,0.03033429387955414,0.012706824307054396,0.048804226784007934,0.041652143893111095
train_to_validation,mars_hinge,MARS Hinge,c=0.25; feature_cap=4; interaction_degree=2; knots_per_feature=4,5,0.629929743816243,0.21906308323966672,0.6260869565217392,0.7074256854256854,0.03336480187287891,0.014830330730157095,0.008695652173913038,0.03626361595115515
train_to_validation,mars_hinge,MARS Hinge,c=0.25; feature_cap=2; interaction_degree=2; knots_per_feature=3,5,0.6303507802462731,0.21791844123734885,0.6739130434782609,0.7224105339105339,0.055235683989482844,0.02442587526794463,0.07655137765938702,0.0887768635336274
train_to_validation,mars_hinge,MARS Hinge,c=0.5; feature_cap=2; interaction_degree=2; knots_per_feature=4,5,0.6332876764306489,0.21874012389532133,0.6695652173913043,0.7150916305916306,0.061427336009905006,0.025768696349570457,0.06507230237867723,0.08050784126388798
train_to_validation,mars_hinge,MARS Hinge,c=0.25; feature_cap=6; interaction_degree=2; knots_per_feature=3,5,0.6392111298694538,0.22098928681137844,0.6608695652173913,0.7013167388167388,0.03608393157608546,0.013635499629858147,0.05070392952039388,0.03973753463239008
train_to_validation,mars_hinge,MARS Hinge,c=0.25; feature_cap=4; interaction_degree=2; knots_per_feature=3,5,0.6418188968840721,0.22266167454824273,0.6347826086956522,0.7001976911976913,0.036095479400007416,0.01520370993309872,0.037401414204533134,0.03733178219447395
train_to_validation,mars_hinge,MARS Hinge,c=0.5; feature_cap=2; interaction_degree=2; knots_per_feature=3,5,0.6498128758699263,0.22320285226044634,0.6695652173913044,0.7120137085137085,0.06292871256731138,0.02529185188408692,0.0539551028086559,0.07905151392286448
train_to_validation,mars_hinge,MARS Hinge,c=0.5; feature_cap=6; interaction_degree=2; knots_per_feature=4,5,0.6611780160633526,0.2277933068366938,0.6304347826086956,0.6997828282828282,0.028544844818029647,0.011594621746823224,0.04560038470305007,0.03708660394850825
train_to_validation,mars_hinge,MARS Hinge,c=0.5; feature_cap=4; interaction_degree=2; knots_per_feature=4,5,0.6649504509056758,0.22965249222208012,0.6260869565217392,0.6919025974025974,0.03456822749375331,0.014509222651086695,0.0162680755946693,0.04117409664935773
train_to_validation,mars_hinge,MARS Hinge,c=0.5; feature_cap=6; interaction_degree=2; knots_per_feature=3,5,0.6801980313060796,0.23258952124821045,0.6304347826086957,0.6844011544011545,0.042442171944225796,0.014171046554363633,0.013749033305079901,0.03973614770695747
train_to_validation,mars_hinge,MARS Hinge,c=0.5; feature_cap=4; interaction_degree=2; knots_per_feature=3,5,0.6876782917313509,0.23561088131643984,0.6260869565217393,0.678027417027417,0.03804025840607541,0.015004498739690307,0.0162680755946693,0.03989648338154924
train_validation_to_test,glm_ridge,GLM Ridge,c=0.05,5,0.6539411964366127,0.22769925468532093,0.6481481481481481,0.6783474784213289,0.05238950623357122,0.02345279898848153,0.06225087523693188,0.06005130690536385
train_validation_to_test,glm_ridge,GLM Ridge,c=0.1,5,0.6704097930324074,0.23223910933011846,0.6462962962962963,0.6727964950573087,0.05397506987004315,0.02454538910876801,0.05505951387895741,0.05976297226388894
train_validation_to_test,glm_ridge,GLM Ridge,c=0.25,5,0.7044503560051946,0.24051353565649025,0.6407407407407407,0.6605856721266672,0.05219564394170045,0.0251915117224791,0.055678875475455226,0.061998354788456896
train_validation_to_test,glm_ridge,GLM Ridge,c=0.5,5,0.7392492364980056,0.2473463457322555,0.6425925925925926,0.6534820286517775,0.04565614570857246,0.024194514729616767,0.05512176320791563,0.06211790267199835
train_validation_to_test,glm_ridge,GLM Ridge,c=1,5,0.781040955374507,0.2538996044522003,0.6370370370370371,0.6480187381241055,0.04070482402456677,0.022131427491909633,0.05954790811412417,0.06219991526088076
train_validation_to_test,glm_ridge,GLM Ridge,c=2,5,0.8271831104624789,0.25942138257363123,0.6370370370370371,0.6442388851215317,0.06396270144067848,0.019775635205158466,0.060405579371481825,0.06149108132084412
train_validation_to_test,glm_ridge,GLM Ridge,c=4,5,0.8738793801158875,0.2638779812104731,0.6314814814814815,0.6414776107083002,0.11722546172235844,0.01737198279735383,0.05838475100160906,0.05881349811825959
train_validation_to_test,glm_elastic_net,Elastic Net GLM,c=0.05; l1_ratio=0.25,5,0.6328001562310337,0.22060552986158505,0.6481481481481481,0.6983107693654024,0.046552832799972056,0.020653771602802747,0.041408666249996104,0.06339505317001577
train_validation_to_test,glm_elastic_net,Elastic Net GLM,c=0.1; l1_ratio=0.5,5,0.6330891066770619,0.22049738914853342,0.6462962962962964,0.6998629864037416,0.04940334569401513,0.021669735494260527,0.04588708034579211,0.0613788118992098
train_validation_to_test,glm_elastic_net,Elastic Net GLM,c=0.1; l1_ratio=0.75,5,0.6334227435196185,0.22094027878353328,0.6537037037037037,0.6991806284172595,0.04265307631697601,0.018872158329840207,0.04779069592801458,0.059423838093144804
train_validation_to_test,glm_elastic_net,Elastic Net GLM,c=0.05; l1_ratio=0.5,5,0.6353715984068781,0.22212603476556633,0.6462962962962963,0.6995394630517076,0.03407510431338542,0.015123428280199256,0.04115946439054234,0.05940339584700326
train_validation_to_test,glm_elastic_net,Elastic Net GLM,c=0.05; l1_ratio=0.75,5,0.6385116896625176,0.22377335851376623,0.6370370370370371,0.6968576747038081,0.0255682568993999,0.011172163556502737,0.02143673500516707,0.0584689056134925
train_validation_to_test,glm_elastic_net,Elastic Net GLM,c=0.05; l1_ratio=0.1,5,0.6392601683021057,0.22291920508716068,0.65,0.6910447924549223,0.052644702029745756,0.023092960917557807,0.05779439457158236,0.06388062834705044
train_validation_to_test,glm_elastic_net,Elastic Net GLM,c=0.1; l1_ratio=0.25,5,0.641395243006331,0.22337226881700625,0.6462962962962963,0.691644017214223,0.05617657877216344,0.02422307030587297,0.054117182208157255,0.06138677884594543
train_validation_to_test,glm_elastic_net,Elastic Net GLM,c=0.25; l1_ratio=0.75,5,0.6428177892986058,0.2237164559810144,0.6407407407407407,0.6922454241696739,0.05897775134624142,0.025117620638607698,0.04625924443258069,0.06159283292195633
train_validation_to_test,glm_elastic_net,Elastic Net GLM,c=0.25; l1_ratio=0.5,5,0.6512608374396965,0.22632652197099742,0.6537037037037037,0.6855993279141834,0.05973529710395778,0.025510303751964836,0.06350528962771203,0.060312571250784805
train_validation_to_test,glm_elastic_net,Elastic Net GLM,c=0.1; l1_ratio=0.1,5,0.652098123333237,0.22671704650579452,0.6555555555555556,0.6850384792993153,0.054586956388571924,0.02402045343402377,0.061808589882513455,0.059657653773866344
train_validation_to_test,glm_elastic_net,Elastic Net GLM,c=0.5; l1_ratio=0.75,5,0.6647456752553589,0.23029680855472784,0.6592592592592592,0.678793400031694,0.060050557376477284,0.025803515504197284,0.054747205552201784,0.062125286609103644
train_validation_to_test,glm_elastic_net,Elastic Net GLM,c=0.25; l1_ratio=0.25,5,0.6655612646066305,0.23059104833334568,0.6592592592592592,0.677803819292328,0.05707780295071341,0.025213585712806193,0.059835164523716705,0.061019022421052956
train_validation_to_test,glm_elastic_net,Elastic Net GLM,c=0.5; l1_ratio=0.5,5,0.6774091810221263,0.23395509519250765,0.6574074074074073,0.671323292054152,0.0580619709395737,0.02559182183289895,0.05616944773371518,0.061596550474712415
train_validation_to_test,glm_elastic_net,Elastic Net GLM,c=0.25; l1_ratio=0.1,5,0.6813921876209952,0.23492110328581547,0.6518518518518518,0.6705043787639399,0.054510663306874686,0.025237483729505378,0.05257433172806812,0.05989993731783737
train_validation_to_test,glm_elastic_net,Elastic Net GLM,c=0.5; l1_ratio=0.25,5,0.696582131171633,0.2387010393624931,0.6351851851851852,0.6648982282557337,0.05143750147992882,0.024870637367186147,0.05480980958129162,0.059265367244425125
train_validation_to_test,glm_elastic_net,Elastic Net GLM,c=1; l1_ratio=0.75,5,0.699028098878706,0.2393799677165361,0.6351851851851852,0.6645929259496761,0.05293525843486405,0.024888994007426484,0.05191794729213399,0.05865306281477384
train_validation_to_test,glm_elastic_net,Elastic Net GLM,c=1; l1_ratio=0.5,5,0.7163180771657591,0.2431810323411276,0.6444444444444445,0.658592573985644,0.043929493833962496,0.02382996623399276,0.056655772373253144,0.0578825679063655
train_validation_to_test,glm_elastic_net,Elastic Net GLM,c=0.5; l1_ratio=0.1,5,0.7169603344457134,0.24334709564888576,0.638888888888889,0.6566835245566285,0.048449954614137,0.024779549880836027,0.05885277252618779,0.06107193981856274
train_validation_to_test,glm_elastic_net,Elastic Net GLM,c=1; l1_ratio=0.25,5,0.7408088087818803,0.24812476548737025,0.6425925925925926,0.6518576588770065,0.03891302878328866,0.023290876137552333,0.05354382331407763,0.06030038956181387
train_validation_to_test,glm_elastic_net,Elastic Net GLM,c=1; l1_ratio=0.1,5,0.7637167486759019,0.25178648831817985,0.638888888888889,0.6487977309367093,0.03775334895591598,0.022562416095823316,0.05302896690102353,0.06147638918921383
train_validation_to_test,glm_lasso,Lasso GLM,c=0.1,5,0.6346783522664143,0.22172061098488846,0.65,0.6989015522798475,0.03683103813319744,0.016262817064360884,0.042793407438116056,0.05773668618765649
train_validation_to_test,glm_lasso,Lasso GLM,c=0.25,5,0.6372452403624445,0.2218416089188376,0.6425925925925926,0.6969879168188318,0.05619467162707522,0.024234374928737253,0.04779069592801458,0.06211584748034495
train_validation_to_test,glm_lasso,Lasso GLM,c=0.05,5,0.6420704550629727,0.2255567195668508,0.6259259259259259,0.6938414071766424,0.019026760567611878,0.008122998827294682,0.021596118129056683,0.05826360773455437
train_validation_to_test,glm_lasso,Lasso GLM,c=0.5,5,0.6561015686820972,0.22771537788801433,0.6537037037037037,0.6826280733435286,0.06176686243749785,0.0261799877301664,0.06350528962771203,0.0629946890067807
train_validation_to_test,glm_lasso,Lasso GLM,c=0.01,5,0.687347593535414,0.24710548772625113,0.5555555555555556,0.5,0.0059748912971611815,0.002978154050033242,0.03042903097250923,0.0
train_validation_to_test,glm_lasso,Lasso GLM,c=1,5,0.6887624393153159,0.2370468054193764,0.6481481481481483,0.6675203347488834,0.05792807670799947,0.025497570790428664,0.05302896690102353,0.06121752635019239
train_validation_to_test,glm_vanilla,Vanilla GLM,{},5,5.705294761894762,0.4129621370380371,0.587037037037037,0.5820487896393882,0.6086692523678624,0.04405686467635486,0.04405695279026044,0.04113994116481296
train_validation_to_test,glmm_logit,GLMM Logit,feature_cap=10,5,0.8485969965290276,0.3003985114582992,0.5222222222222223,0.5397806452528277,0.05091397112029975,0.018361686411476,0.03731378088816646,0.04843445066096821
train_validation_to_test,glmm_logit,GLMM Logit,feature_cap=14,5,0.9075469929788896,0.31934875262065016,0.5018518518518519,0.5142484966801644,0.05672265491893756,0.018424871695053382,0.045887080345792086,0.043443437100823164
train_validation_to_test,glmm_logit,GLMM Logit,feature_cap=6,5,0.9251751721409136,0.3180362521541539,0.5074074074074074,0.5065185822363677,0.09010090525172029,0.033014817088195106,0.055985986880855466,0.06856713483248802
train_validation_to_test,dglm_margin,DGLM Margin,feature_cap=10; iterations=1,5,0.6372789101788057,0.2229712866601095,0.6407407407407408,0.6918141367881441,0.05267589900864181,0.024032571333879062,0.06635730691544042,0.07652524563433187
train_validation_to_test,dglm_margin,DGLM Margin,feature_cap=14; iterations=1,5,0.6373104330936392,0.22239507607403858,0.6388888888888888,0.6922175844000795,0.048354810755397964,0.0217674258214328,0.056169447733715204,0.0683721875097534
train_validation_to_test,dglm_margin,DGLM Margin,feature_cap=6; iterations=1,5,0.6385326277134948,0.22328798303817282,0.6462962962962964,0.6902632596408559,0.05410927378826914,0.024430935721896464,0.06914131371331285,0.07837565489591346
train_validation_to_test,dglm_margin,DGLM Margin,feature_cap=10; iterations=2,5,0.6387252988266134,0.22335480431036753,0.638888888888889,0.6894981675213455,0.056838162618209315,0.025533807051498904,0.06625386599999378,0.07754850318513357
train_validation_to_test,dglm_margin,DGLM Margin,feature_cap=6; iterations=2,5,0.6402291980231472,0.22386553766568484,0.6370370370370371,0.6887758729867757,0.05580903968830575,0.024985749762284112,0.06478835438717001,0.07942847026005855
train_validation_to_test,dglm_margin,DGLM Margin,feature_cap=14; iterations=2,5,0.6506196865140987,0.225446162346968,0.6351851851851852,0.6889981861172878,0.03995819254695716,0.01950348151811255,0.05418051421602886,0.06510241476570414
train_validation_to_test,gam_spline,GAM Spline,c=0.25; feature_cap=3; n_knots=4,5,0.6610934454178066,0.231872201461263,0.6185185185185185,0.6697438402232845,0.0676537979729874,0.030629026716051937,0.08413197549333737,0.0936447130299414
train_validation_to_test,gam_spline,GAM Spline,c=0.5; feature_cap=3; n_knots=4,5,0.6682301564586541,0.23287253235850783,0.6129629629629629,0.6700698833126808,0.06996205322214936,0.03263681852452232,0.07644358311314921,0.0960850220570671
train_validation_to_test,gam_spline,GAM Spline,c=0.25; feature_cap=3; n_knots=5,5,0.6691937327126154,0.23526841738306734,0.6240740740740741,0.6663143299863545,0.07046536279603945,0.03195988787794714,0.08776293045239102,0.09965914465856189
train_validation_to_test,gam_spline,GAM Spline,c=1; feature_cap=3; n_knots=4,5,0.6749013725154455,0.23368538146069762,0.6092592592592593,0.6688977179400784,0.07046103133830077,0.03387769281573854,0.07485697382002866,0.09693799848512567
train_validation_to_test,gam_spline,GAM Spline,c=0.5; feature_cap=3; n_knots=5,5,0.6791899188915778,0.2379357668617018,0.624074074074074,0.6622201643582422,0.07280844423020434,0.03313553237403826,0.07041908645122795,0.09721949259303403
train_validation_to_test,gam_spline,GAM Spline,c=1; feature_cap=3; n_knots=5,5,0.6906227537596292,0.24080013199256411,0.6166666666666667,0.6554720977831645,0.07271706553477086,0.03322837991592246,0.0713864269162829,0.09216071208533942
train_validation_to_test,mars_hinge,MARS Hinge,c=0.25; feature_cap=2; interaction_degree=1; knots_per_feature=4,5,0.6420947216967201,0.22506875304290705,0.6351851851851852,0.6771510450312405,0.0409405303103467,0.01825986746982123,0.0572578697545937,0.06543955815998993
train_validation_to_test,mars_hinge,MARS Hinge,c=0.25; feature_cap=2; interaction_degree=1; knots_per_feature=3,5,0.6422527725109379,0.22515486598383241,0.6296296296296297,0.6770147381480116,0.040775339029168446,0.018233083262075647,0.05003428180039368,0.06582258232958665
train_validation_to_test,mars_hinge,MARS Hinge,c=0.1; feature_cap=2; interaction_degree=1; knots_per_feature=4,5,0.6442492028548333,0.2266152649301834,0.6314814814814814,0.6773375113531664,0.03072575053731497,0.014346435632402434,0.05749694331948155,0.06963936403233119
train_validation_to_test,mars_hinge,MARS Hinge,c=0.1; feature_cap=2; interaction_degree=1; knots_per_feature=3,5,0.6443132629443775,0.22664446402757582,0.6314814814814814,0.6771932112088663,0.03077503730738275,0.014370166940710215,0.05749694331948155,0.0697957025011753
train_validation_to_test,mars_hinge,MARS Hinge,c=0.1; feature_cap=6; interaction_degree=1; knots_per_feature=3,5,0.6448047516395327,0.22690505932800648,0.6314814814814814,0.6773934065154992,0.031139643221520533,0.014507921089919985,0.058384751001609045,0.069483512744606
train_validation_to_test,mars_hinge,MARS Hinge,c=0.1; feature_cap=4; interaction_degree=1; knots_per_feature=3,5,0.6448120875324166,0.226908175225158,0.6314814814814814,0.6773934065154992,0.03115217529872207,0.01451365259920496,0.058384751001609045,0.069483512744606
train_validation_to_test,mars_hinge,MARS Hinge,c=0.1; feature_cap=4; interaction_degree=1; knots_per_feature=4,5,0.6449604730516476,0.22698755094245557,0.638888888888889,0.6774618738298297,0.03170040935170378,0.014721053219832716,0.05462178223612081,0.06950736312399021
train_validation_to_test,mars_hinge,MARS Hinge,c=0.1; feature_cap=6; interaction_degree=1; knots_per_feature=4,5,0.644964387259434,0.22698923753664163,0.638888888888889,0.6774618738298297,0.0316924584959018,0.014717466828815726,0.05462178223612081,0.06950736312399021
train_validation_to_test,mars_hinge,MARS Hinge,c=0.5; feature_cap=2; interaction_degree=1; knots_per_feature=3,5,0.6450208358866412,0.22567188736844196,0.6481481481481481,0.6787522845132459,0.047632868878817895,0.020498691923284327,0.05003428180039366,0.06738005554430121
train_validation_to_test,mars_hinge,MARS Hinge,c=0.5; feature_cap=2; interaction_degree=1; knots_per_feature=4,5,0.645051096940775,0.22564816770427898,0.6481481481481481,0.679049034827922,0.04819002866776437,0.020689860617754706,0.05204988637983404,0.0676531038858752
train_validation_to_test,mars_hinge,MARS Hinge,c=0.1; feature_cap=6; interaction_degree=2; knots_per_feature=3,5,0.6473589304102153,0.22803523319379929,0.6333333333333333,0.6736096648037376,0.03392352995587313,0.015122087677874603,0.059317101400173926,0.07113383476233943
train_validation_to_test,mars_hinge,MARS Hinge,c=0.1; feature_cap=4; interaction_degree=2; knots_per_feature=3,5,0.647467891460307,0.2281744527611616,0.6277777777777778,0.6738165613554619,0.034082936660103084,0.015306609222702716,0.059835164523716684,0.07103554330822606
train_validation_to_test,mars_hinge,MARS Hinge,c=0.25; feature_cap=4; interaction_degree=1; knots_per_feature=3,5,0.6477678823353764,0.22754029902357648,0.6425925925925926,0.672312568704557,0.03393556300506581,0.01469832535822574,0.052574331728068094,0.049742249948972604
train_validation_to_test,mars_hinge,MARS Hinge,c=0.25; feature_cap=6; interaction_degree=1; knots_per_feature=3,5,0.6480018003540938,0.2277270823492547,0.6425925925925926,0.6716884081869502,0.0339342859032479,0.014631551702567514,0.04165637733037775,0.04949201865137463
train_validation_to_test,mars_hinge,MARS Hinge,c=0.1; feature_cap=2; interaction_degree=2; knots_per_feature=4,5,0.6485085251023509,0.22846110153830534,0.624074074074074,0.6728618970500982,0.030608117113616995,0.014262622225845071,0.05960547014604103,0.07049613071574497
train_validation_to_test,mars_hinge,MARS Hinge,c=0.25; feature_cap=6; interaction_degree=1; knots_per_feature=4,5,0.6488354190173665,0.2277601298043142,0.6370370370370371,0.671050457913506,0.036943589000254434,0.015315258572994001,0.04807687031758211,0.050950992957774346
train_validation_to_test,mars_hinge,MARS Hinge,c=0.1; feature_cap=2; interaction_degree=2; knots_per_feature=3,5,0.6488444795293246,0.22863766060463414,0.6314814814814814,0.6722346722174715,0.031089926659447258,0.014444480080263855,0.05749694331948155,0.07034669663176164
train_validation_to_test,mars_hinge,MARS Hinge,c=0.1; feature_cap=6; interaction_degree=2; knots_per_feature=4,5,0.6491353662245778,0.22883452825780354,0.6314814814814815,0.6727174308381612,0.033045223663728536,0.01509402145023005,0.058090322745770806,0.071210616873401
train_validation_to_test,mars_hinge,MARS Hinge,c=0.1; feature_cap=4; interaction_degree=2; knots_per_feature=4,5,0.6491368383262774,0.22883487851445866,0.6314814814814815,0.6727174308381612,0.033052801224182964,0.015097739831440487,0.058090322745770806,0.071210616873401
train_validation_to_test,mars_hinge,MARS Hinge,c=0.25; feature_cap=4; interaction_degree=1; knots_per_feature=4,5,0.6491564865826722,0.22775698138089745,0.65,0.6717472574035412,0.03633186798104868,0.015088407413090385,0.057197945227705556,0.051733501831102494
train_validation_to_test,mars_hinge,MARS Hinge,c=0.25; feature_cap=2; interaction_degree=2; knots_per_feature=4,5,0.6519328543858103,0.2283962597830161,0.6351851851851852,0.6712802434276298,0.053307718039944406,0.022121042728110416,0.04989701327891659,0.07289418383430116
train_validation_to_test,mars_hinge,MARS Hinge,c=0.25; feature_cap=2; interaction_degree=2; knots_per_feature=3,5,0.6528131265225636,0.22860616379735782,0.6222222222222221,0.6724689779254727,0.056566833326937564,0.022955405152498644,0.05017117475608912,0.07180838826941004
train_validation_to_test,mars_hinge,MARS Hinge,c=0.5; feature_cap=4; interaction_degree=1; knots_per_feature=3,5,0.6580195713690862,0.23040864889218765,0.6333333333333334,0.6724552486032173,0.03907927291916505,0.015355783372944198,0.04743054990691001,0.045889728799472305
train_validation_to_test,mars_hinge,MARS Hinge,c=0.5; feature_cap=2; interaction_degree=2; knots_per_feature=4,5,0.6602093814993494,0.2303947365923001,0.6351851851851851,0.6700648984719548,0.06815375861491196,0.026678412357221397,0.0557404331233052,0.0729456378313208
train_validation_to_test,mars_hinge,MARS Hinge,c=0.5; feature_cap=4; interaction_degree=1; knots_per_feature=4,5,0.6605974966860033,0.23101594962446761,0.6314814814814815,0.6714468468419246,0.04477243879528006,0.01648902706362535,0.050171174756089114,0.046149326520873585
train_validation_to_test,mars_hinge,MARS Hinge,c=0.5; feature_cap=2; interaction_degree=2; knots_per_feature=3,5,0.6615856999867079,0.23075582560361774,0.6351851851851851,0.674110084810948,0.0698634176088625,0.026592669671514524,0.04850296612484738,0.06936526455286736
train_validation_to_test,mars_hinge,MARS Hinge,c=0.25; feature_cap=6; interaction_degree=2; knots_per_feature=4,5,0.6616076266793033,0.23158952532253768,0.6203703703703705,0.6647813037190633,0.05543025814479679,0.020761111079602934,0.054934803608116034,0.05802384627967864
train_validation_to_test,mars_hinge,MARS Hinge,c=0.25; feature_cap=4; interaction_degree=2; knots_per_feature=4,5,0.6621162828868836,0.23133276756307422,0.6370370370370371,0.6677537061930218,0.05471015943297112,0.01993376898134129,0.04551187306460926,0.054751687702545265
train_validation_to_test,mars_hinge,MARS Hinge,c=0.5; feature_cap=6; interaction_degree=1; knots_per_feature=3,5,0.6632516115880357,0.232857829791357,0.624074074074074,0.6683305135783896,0.032598265791919025,0.012107683723873951,0.036383116119237974,0.03852595184798248
train_validation_to_test,mars_hinge,MARS Hinge,c=0.25; feature_cap=6; interaction_degree=2; knots_per_feature=3,5,0.6669789408801703,0.23218052277010132,0.624074074074074,0.6665863383656584,0.05658910644801248,0.020742599365417183,0.05695761666381369,0.057139164092369917
train_validation_to_test,mars_hinge,MARS Hinge,c=0.25; feature_cap=4; interaction_degree=2; knots_per_feature=3,5,0.6673981430654392,0.2319232251419065,0.6222222222222221,0.6674870617478944,0.05628000464169172,0.020132845539315738,0.058677701917610584,0.05659134261003392
train_validation_to_test,mars_hinge,MARS Hinge,c=0.5; feature_cap=6; interaction_degree=1; knots_per_feature=4,5,0.6700631362734957,0.2349200243117202,0.6129629629629629,0.6651735290774426,0.03698156409542324,0.012440441622660338,0.02579331162441502,0.0376708135398015
train_validation_to_test,mars_hinge,MARS Hinge,c=0.5; feature_cap=4; interaction_degree=2; knots_per_feature=4,5,0.6948868911395488,0.23957062044978278,0.6055555555555556,0.657912061210018,0.06258171790617334,0.020846243433959112,0.06377472354712058,0.05267072912310576
train_validation_to_test,mars_hinge,MARS Hinge,c=0.5; feature_cap=4; interaction_degree=2; knots_per_feature=3,5,0.7034424853691126,0.24029128462432206,0.6166666666666666,0.6619362803001323,0.06694121172568428,0.020930432864470338,0.04596175424441057,0.04913105837578377
train_validation_to_test,mars_hinge,MARS Hinge,c=0.5; feature_cap=6; interaction_degree=2; knots_per_feature=4,5,0.7080729269943185,0.24245801051153623,0.6148148148148148,0.6515039146130979,0.05720824639275964,0.019056185835933395,0.05125315741888165,0.049887118284700466
train_validation_to_test,mars_hinge,MARS Hinge,c=0.5; feature_cap=6; interaction_degree=2; knots_per_feature=3,5,0.7157156590247106,0.24450095484337137,0.6166666666666667,0.6553217473897682,0.05474305534686249,0.017469375091358326,0.03494067085946889,0.04218965296248498
